label,Nose_x,Nose_y,Nose_z,Left_eye_inner_x,Left_eye_inner_y,Left_eye_inner_z,Left_eye_x,Left_eye_y,Left_eye_z,Left_eye_outer_x,Left_eye_outer_y,Left_eye_outer_z,Right_eye_inner_x,Right_eye_inner_y,Right_eye_inner_z,Right_eye_x,Right_eye_y,Right_eye_z,Right_eye_outer_x,Right_eye_outer_y,Right_eye_outer_z,Left_ear_x,Left_ear_y,Left_ear_z,Right_ear_x,Right_ear_y,Right_ear_z,Mouth_left_x,Mouth_left_y,Mouth_left_z,Mouth_right_x,Mouth_right_y,Mouth_right_z,Left_shoulder_x,Left_shoulder_y,Left_shoulder_z,Right_shoulder_x,Right_shoulder_y,Right_shoulder_z,Left_elbow_x,Left_elbow_y,Left_elbow_z,Right_elbow_x,Right_elbow_y,Right_elbow_z,Left_wrist_x,Left_wrist_y,Left_wrist_z,Right_wrist_x,Right_wrist_y,Right_wrist_z,Left_pinky_x,Left_pinky_y,Left_pinky_z,Right_pinky_x,Right_pinky_y,Right_pinky_z,Left_index_x,Left_index_y,Left_index_z,Right_index_x,Right_index_y,Right_index_z,Left_thumb_x,Left_thumb_y,Left_thumb_z,Right_thumb_x,Right_thumb_y,Right_thumb_z,Left_hip_x,Left_hip_y,Left_hip_z,Right_hip_x,Right_hip_y,Right_hip_z,Left_knee_x,Left_knee_y,Left_knee_z,Right_knee_x,Right_knee_y,Right_knee_z,Left_ankle_x,Left_ankle_y,Left_ankle_z,Right_ankle_x,Right_ankle_y,Right_ankle_z,Left_heel_x,Left_heel_y,Left_heel_z,Right_heel_x,Right_heel_y,Right_heel_z,Left_foot_index_x,Left_foot_index_y,Left_foot_index_z,Right_foot_index_x,Right_foot_index_y,Right_foot_index_z,
4,0.8975552320480347,0.24800699949264526,0.08832895755767822,0.9015127420425415,0.22653311491012573,0.040231700986623764,0.9002748727798462,0.22620609402656555,0.040102630853652954,0.8985802531242371,0.22611993551254272,0.03994404897093773,0.9080896377563477,0.2268025279045105,0.06701194494962692,0.9114969372749329,0.22659292817115784,0.06701096892356873,0.9143067598342896,0.226637065410614,0.06679479777812958,0.9070503115653992,0.23716920614242554,-0.1285851001739502,0.9291554689407349,0.23607029020786285,-0.00832357071340084,0.8975815773010254,0.2656921148300171,0.03615877032279968,0.903918445110321,0.26838773488998413,0.07112277299165726,0.8839540481567383,0.34151726961135864,-0.2556133568286896,0.9819572567939758,0.35867640376091003,0.0016019366448745131,0.8325188755989075,0.5035399198532104,-0.2661826014518738,1.0073721408843994,0.5519528985023499,0.05757646635174751,0.7867159843444824,0.6283254623413086,-0.1492638885974884,0.9478029012680054,0.66558837890625,0.1345326453447342,0.7773281335830688,0.652431845664978,-0.1527417004108429,0.9377986788749695,0.6919795870780945,0.14947760105133057,0.7795900106430054,0.6493405103683472,-0.15178558230400085,0.9292044639587402,0.6901654601097107,0.14361968636512756,0.7847653031349182,0.6445154547691345,-0.14594298601150513,0.9309597015380859,0.6822288632392883,0.13006462156772614,0.874933123588562,0.6638296246528625,-0.11309297382831573,0.9409977197647095,0.6665558218955994,0.11262334883213043,0.8777390718460083,0.8651958107948303,0.09453348070383072,0.8796406984329224,0.8066208362579346,0.34656891226768494,0.8828932046890259,1.0429573059082031,0.2795253396034241,0.8443135023117065,0.9476682543754578,0.5924173593521118,0.900538444519043,1.0826911926269531,0.2953498363494873,0.8501101732254028,0.9837864637374878,0.6188371777534485,0.8227513432502747,1.0554673671722412,0.25269243121147156,0.7973003387451172,0.9430398941040039,0.6222102642059326,
4,0.9006174802780151,0.24853567779064178,0.08260177820920944,0.9019489288330078,0.22815056145191193,0.03174865245819092,0.9003086090087891,0.22817295789718628,0.03164617717266083,0.8984671831130981,0.22859825193881989,0.03148560971021652,0.909978985786438,0.22847937047481537,0.04984556511044502,0.9137266874313354,0.22867870330810547,0.04987897723913193,0.9171460270881653,0.22933858633041382,0.049754928797483444,0.903289794921875,0.24206598103046417,-0.1447422355413437,0.930102527141571,0.2425719052553177,-0.06627975404262543,0.8979317545890808,0.26623985171318054,0.028523791581392288,0.9062034487724304,0.2687377631664276,0.05214487761259079,0.8623247146606445,0.3522319495677948,-0.24136042594909668,0.982376217842102,0.36499321460723877,-0.08549173921346664,0.8191312551498413,0.5041884183883667,-0.19221340119838715,1.010429859161377,0.5470429062843323,-0.05286673828959465,0.7727561593055725,0.6271589994430542,-0.02779417671263218,0.992647647857666,0.6735606789588928,0.021302636712789536,0.7623183727264404,0.6506767272949219,-0.01690688729286194,0.9946540594100952,0.7373591661453247,0.028615351766347885,0.7655539512634277,0.6477396488189697,-0.01839321479201317,0.9784424901008606,0.7037995457649231,0.027249794453382492,0.7712357044219971,0.6429368853569031,-0.023258443921804428,0.9763266444206238,0.6942307353019714,0.01985432207584381,0.8639618158340454,0.6750547885894775,-0.09230934083461761,0.9336084127426147,0.6703473329544067,0.09210227429866791,0.8713027834892273,0.8586835861206055,0.14596378803253174,0.87884122133255,0.815078854560852,0.33910471200942993,0.8705103993415833,1.0320496559143066,0.4035373628139496,0.8180899620056152,0.9446662664413452,0.590518593788147,0.8831779360771179,1.065190076828003,0.4261928200721741,0.826798141002655,0.9880918264389038,0.6166130304336548,0.8129850625991821,1.0010987520217896,0.3794693648815155,0.7866069078445435,0.9437950849533081,0.5954532027244568,
4,0.9012507200241089,0.2523796260356903,0.11996674537658691,0.9006889462471008,0.23291118443012238,0.06781487166881561,0.8974107503890991,0.2329791635274887,0.0677342489361763,0.8936545252799988,0.2334814965724945,0.06758417934179306,0.910033106803894,0.2332492470741272,0.07394514977931976,0.914039134979248,0.2335921674966812,0.07396399974822998,0.9179458618164062,0.23434492945671082,0.07384864240884781,0.8893313407897949,0.24689117074012756,-0.11081293970346451,0.9300978779792786,0.24795037508010864,-0.06672434508800507,0.897297739982605,0.2698619067668915,0.06521126627922058,0.9069594144821167,0.27199894189834595,0.07258866727352142,0.8393585085868835,0.3607870936393738,-0.1667880117893219,0.9806912541389465,0.37129268050193787,-0.12638546526432037,0.8010749816894531,0.5057823657989502,-0.10226675122976303,1.0036033391952515,0.5424306988716125,-0.08090782165527344,0.7606267929077148,0.6277285814285278,0.06294509023427963,0.9960806965827942,0.6761905550956726,0.031874775886535645,0.7490674257278442,0.6508408784866333,0.0781681090593338,0.9971235990524292,0.7257720232009888,0.04361186549067497,0.7518542408943176,0.6480079889297485,0.07628852128982544,0.9869585037231445,0.7092176079750061,0.043356314301490784,0.7586147785186768,0.6435467004776001,0.06688538938760757,0.9825135469436646,0.6976025700569153,0.033042166382074356,0.8509990572929382,0.6843211650848389,-0.03201153501868248,0.9227452278137207,0.6735871434211731,0.03188948333263397,0.8569191694259644,0.8569374680519104,0.1964593231678009,0.8763002157211304,0.8374397158622742,0.27139535546302795,0.8247132301330566,0.987323522567749,0.456679105758667,0.8115993738174438,0.9448359608650208,0.5134431719779968,0.8337882161140442,1.0574452877044678,0.4809999465942383,0.8086603879928589,1.0149242877960205,0.5389556288719177,0.8107737302780151,0.986494243144989,0.45584893226623535,0.7892953157424927,0.9521695971488953,0.5097479820251465,
4,0.8959900736808777,0.25343412160873413,0.13448964059352875,0.8923438191413879,0.23488004505634308,0.08405090123414993,0.8883258700370789,0.23495347797870636,0.08398734778165817,0.8840191960334778,0.23545902967453003,0.08383629471063614,0.903935432434082,0.2351192831993103,0.09137625247240067,0.9085520505905151,0.2353965789079666,0.0913793295621872,0.9132887721061707,0.23606953024864197,0.09126807749271393,0.8782362937927246,0.24868792295455933,-0.09063736349344254,0.9238041639328003,0.2496306151151657,-0.05316610261797905,0.8889905214309692,0.27065032720565796,0.08101145923137665,0.9016950726509094,0.2724504768848419,0.08976366370916367,0.825485110282898,0.3607592284679413,-0.16814085841178894,0.9722949862480164,0.3753505349159241,-0.09568887948989868,0.7897946238517761,0.5083894729614258,-0.1443280279636383,0.9820414781570435,0.5377710461616516,-0.066042959690094,0.7496762871742249,0.6357244849205017,-0.02794688381254673,0.985834002494812,0.6751517653465271,0.005437392275780439,0.741125226020813,0.6600860953330994,-0.02397884801030159,0.9867907762527466,0.7228534817695618,0.011186152696609497,0.7439634799957275,0.6594385504722595,-0.024523667991161346,0.9794108271598816,0.707565188407898,0.009263290092349052,0.7485737800598145,0.6541293263435364,-0.0248417891561985,0.9756489992141724,0.6963626742362976,0.00528704421594739,0.8359580039978027,0.6820148229598999,-0.04851030558347702,0.9064217805862427,0.6734074950218201,0.04837314039468765,0.8387637138366699,0.8542056679725647,0.16262273490428925,0.8579040765762329,0.8337080478668213,0.24849164485931396,0.8346983194351196,1.0067946910858154,0.3932887613773346,0.8033779263496399,0.9504192471504211,0.4550679624080658,0.8454514741897583,1.059190034866333,0.41546279191970825,0.790989339351654,0.9892188906669617,0.4756790101528168,0.8060528039932251,1.021713376045227,0.3639273941516876,0.7877467274665833,0.9563407897949219,0.4389464259147644,
4,0.877409815788269,0.2534019351005554,0.12446697056293488,0.876569926738739,0.2347598671913147,0.07066509127616882,0.8732787370681763,0.23478884994983673,0.0706978365778923,0.8696163296699524,0.23522202670574188,0.07056640833616257,0.8868485689163208,0.23502036929130554,0.08130888640880585,0.8914023637771606,0.2352619171142578,0.08129304647445679,0.8962723016738892,0.23587064445018768,0.08119840174913406,0.8658281564712524,0.24831390380859375,-0.11069007217884064,0.9079618453979492,0.24912412464618683,-0.04874027892947197,0.8708332777023315,0.27059206366539,0.06869285553693771,0.8818426132202148,0.27241721749305725,0.08083100616931915,0.8148268461227417,0.35963231325149536,-0.23699620366096497,0.9585772752761841,0.3752962350845337,-0.06044665724039078,0.7816727757453918,0.5084381699562073,-0.2172193080186844,0.9686444997787476,0.5342132449150085,-0.01200193352997303,0.7412694692611694,0.6422174572944641,-0.10615023225545883,0.9831656217575073,0.6706570386886597,0.029680127277970314,0.7335227727890015,0.6678479313850403,-0.11266158521175385,0.9793425798416138,0.7156065106391907,0.03467141091823578,0.7362746000289917,0.668264627456665,-0.1089649349451065,0.9709914922714233,0.7071505188941956,0.04972726106643677,0.7410756945610046,0.6617881059646606,-0.1001376286149025,0.9690778851509094,0.6946178078651428,0.03506000339984894,0.8241249322891235,0.6752490997314453,-0.09755193442106247,0.8920861482620239,0.6676299571990967,0.09739882498979568,0.8220459222793579,0.8508404493331909,0.02469472773373127,0.8366573452949524,0.8295572996139526,0.27314111590385437,0.8427550196647644,0.9943629503250122,0.18006548285484314,0.7996138334274292,0.9497418999671936,0.4813760221004486,0.8499858975410461,1.0679149627685547,0.19344359636306763,0.7978814244270325,0.9723454117774963,0.5016435384750366,0.8025335073471069,1.0450844764709473,0.13086315989494324,0.7760279178619385,0.9561456441879272,0.47120293974876404,
4,0.861512303352356,0.25350213050842285,0.0735425055027008,0.8622843027114868,0.23467235267162323,0.023916954174637794,0.859349250793457,0.23464497923851013,0.023892058059573174,0.8560864329338074,0.235019251704216,0.023766562342643738,0.8719884753227234,0.23502217233181,0.043566808104515076,0.8763943910598755,0.23525622487068176,0.04356101155281067,0.8811758160591125,0.2358406037092209,0.043403200805187225,0.8541547656059265,0.24796776473522186,-0.14168940484523773,0.8931166529655457,0.24884894490242004,-0.05441483110189438,0.8551567196846008,0.2705457806587219,0.023358255624771118,0.8656105995178223,0.2724159359931946,0.04778968170285225,0.8054318428039551,0.3552529215812683,-0.2668442130088806,0.9484089016914368,0.3748065233230591,-0.04953541234135628,0.772266685962677,0.5061569809913635,-0.26620811223983765,0.9584013819694519,0.5313539505004883,-0.010257745161652565,0.734554648399353,0.641093373298645,-0.17414158582687378,0.9627033472061157,0.6630046367645264,0.007916823029518127,0.7283484935760498,0.6691177487373352,-0.18434196710586548,0.9596668481826782,0.7040573358535767,0.017823930829763412,0.7311902642250061,0.6692522168159485,-0.17822575569152832,0.9536541104316711,0.6996819376945496,0.001435598242096603,0.7352441549301147,0.6618413329124451,-0.1676822453737259,0.9517593383789062,0.6859455704689026,0.0018356135115027428,0.8138712644577026,0.6641807556152344,-0.11365916579961777,0.8846686482429504,0.6617719531059265,0.11346286535263062,0.8006170392036438,0.8515210747718811,-0.0076742032542824745,0.8265603184700012,0.8265745043754578,0.2559908926486969,0.8426792025566101,1.0202233791351318,0.0808948278427124,0.7970393300056458,0.9731088876724243,0.3742537200450897,0.8590959310531616,1.068789005279541,0.08796756714582443,0.8007906675338745,1.0051333904266357,0.38449299335479736,0.7985535860061646,1.069396734237671,0.04193548113107681,0.7506749629974365,0.9905811548233032,0.3491188883781433,
4,0.8508720397949219,0.25240543484687805,0.07800568640232086,0.8519394993782043,0.23332740366458893,0.02916446328163147,0.8490555882453918,0.23321612179279327,0.02909226343035698,0.8458272814750671,0.2335035651922226,0.028944900259375572,0.8614352941513062,0.23371954262256622,0.049519170075654984,0.8657118082046509,0.23394255340099335,0.049521103501319885,0.8703351020812988,0.2345493584871292,0.049356646835803986,0.8441383242607117,0.2458597868680954,-0.137920081615448,0.8818246722221375,0.2475975602865219,-0.05293745547533035,0.8451905250549316,0.2686951756477356,0.02753688395023346,0.8553062677383423,0.270536333322525,0.053145743906497955,0.7965088486671448,0.3483375310897827,-0.25603508949279785,0.9372442364692688,0.3726123571395874,-0.0506930947303772,0.7641391754150391,0.5032351613044739,-0.2540087103843689,0.9471073150634766,0.5271353721618652,-0.0296584814786911,0.7266700863838196,0.6405354142189026,-0.16183875501155853,0.941548228263855,0.6494485139846802,-0.01501056831330061,0.7199292182922363,0.6680828928947449,-0.16854195296764374,0.9363868832588196,0.6901509761810303,-0.004516769200563431,0.7243895530700684,0.6682065725326538,-0.16163036227226257,0.9311221241950989,0.6875640749931335,-0.020659063011407852,0.7288222908973694,0.6605818867683411,-0.1554434597492218,0.9298723340034485,0.6729402542114258,-0.021204466000199318,0.802631676197052,0.6496371030807495,-0.1086616963148117,0.8740707635879517,0.651305079460144,0.10842220485210419,0.7877281904220581,0.8458996415138245,0.03887469321489334,0.8227079510688782,0.8228899836540222,0.2681420147418976,0.8240894079208374,1.0127030611038208,0.12824107706546783,0.8001577258110046,0.9780013561248779,0.37025925517082214,0.8455464243888855,1.043171763420105,0.13528692722320557,0.8047297596931458,1.0090398788452148,0.37975457310676575,0.783741295337677,1.0637210607528687,0.09457623958587646,0.7566174268722534,1.0050829648971558,0.34452784061431885,
4,0.8469713926315308,0.24940674006938934,0.08386855572462082,0.8463365435600281,0.23067733645439148,0.03456749767065048,0.8430224657058716,0.2304536998271942,0.034563858062028885,0.8393376469612122,0.23066729307174683,0.03444484621286392,0.856784462928772,0.2309754490852356,0.05113760754466057,0.8613481521606445,0.2310343235731125,0.051145248115062714,0.8661730885505676,0.23152151703834534,0.050955288112163544,0.8357452154159546,0.24139274656772614,-0.1273496448993683,0.8766900300979614,0.24343369901180267,-0.052784912288188934,0.840943455696106,0.2648504078388214,0.03701067715883255,0.8519009351730347,0.2664910852909088,0.05486413836479187,0.7870405316352844,0.33883559703826904,-0.23648306727409363,0.9259811639785767,0.3632086515426636,-0.06036795303225517,0.7538779973983765,0.49437668919563293,-0.24618959426879883,0.9345245361328125,0.5140295624732971,-0.06956253945827484,0.7226842641830444,0.6232187747955322,-0.17768821120262146,0.9220117330551147,0.6338000893592834,-0.08991505950689316,0.7168647050857544,0.6582298874855042,-0.19015257060527802,0.9163133502006531,0.6720988750457764,-0.09453321993350983,0.7210127711296082,0.658953845500946,-0.18522270023822784,0.9120901226997375,0.6705666184425354,-0.10949282348155975,0.7253605127334595,0.6476289629936218,-0.17386718094348907,0.9112896919250488,0.6556380987167358,-0.09781321883201599,0.7902261018753052,0.6382983326911926,-0.09693900495767593,0.8634956479072571,0.64079749584198,0.09674469381570816,0.7697737216949463,0.8106480240821838,0.13359391689300537,0.8216605186462402,0.7993184924125671,0.30747872591018677,0.7986294627189636,0.962643027305603,0.31024330854415894,0.8025009036064148,0.9455143213272095,0.5009526014328003,0.807818591594696,0.9791418313980103,0.3268269896507263,0.805621325969696,0.9701652526855469,0.5219181776046753,0.7737923860549927,0.983961284160614,0.2788969874382019,0.7619928121566772,0.9903032779693604,0.4910685122013092,
4,0.8312738537788391,0.2398228496313095,0.04047348350286484,0.8326010704040527,0.22121842205524445,-0.009358307346701622,0.8300266265869141,0.22081591188907623,-0.009344616904854774,0.827111542224884,0.22085045278072357,-0.009446919895708561,0.841314971446991,0.2218097299337387,0.013860777020454407,0.8452273607254028,0.22185054421424866,0.013837222941219807,0.8494067192077637,0.22238875925540924,0.013625720515847206,0.8260104060173035,0.23037348687648773,-0.16439417004585266,0.8593987226486206,0.2339744120836258,-0.06384031474590302,0.8269387483596802,0.2546781897544861,-0.005314376205205917,0.8360706567764282,0.25628384947776794,0.023399893194437027,0.7809003591537476,0.32743752002716064,-0.27584612369537354,0.9152029752731323,0.3512251675128937,-0.054356932640075684,0.7467732429504395,0.4854033589363098,-0.2899225056171417,0.9203317761421204,0.5039937496185303,-0.012320049107074738,0.7182636260986328,0.615016520023346,-0.19682970643043518,0.8976091146469116,0.6137179136276245,0.02725919708609581,0.7150352597236633,0.6527799367904663,-0.20421664416790009,0.8897802233695984,0.6525817513465881,0.03949006646871567,0.720328688621521,0.6524154543876648,-0.20377576351165771,0.8825391530990601,0.6459274291992188,0.007053362671285868,0.7247084379196167,0.6394636034965515,-0.19362151622772217,0.882088303565979,0.6303057074546814,0.014432315714657307,0.7791234254837036,0.6184249520301819,-0.09767716377973557,0.8559420704841614,0.6247459650039673,0.0974881574511528,0.7557199597358704,0.7877585291862488,0.12106634676456451,0.8222856521606445,0.7976398468017578,0.2937321662902832,0.7720538973808289,0.9525396227836609,0.2942427694797516,0.8010869026184082,0.9448511600494385,0.47082051634788513,0.7846482992172241,0.9739165902137756,0.3119566738605499,0.8065482378005981,0.9684005975723267,0.48766255378723145,0.7312179803848267,0.9684932231903076,0.25867587327957153,0.754529595375061,0.9851243495941162,0.4527505338191986,
4,0.816308856010437,0.23843078315258026,0.043555039912462234,0.8184550404548645,0.21978434920310974,-0.007279959972947836,0.8166133165359497,0.2192838042974472,-0.007484568748623133,0.81451815366745,0.21914955973625183,-0.007931109517812729,0.825844943523407,0.22006775438785553,0.023845786228775978,0.82952880859375,0.21979597210884094,0.0237747635692358,0.8334130048751831,0.21997110545635223,0.02349335327744484,0.816787600517273,0.22706355154514313,-0.13993941247463226,0.8450485467910767,0.22975175082683563,-0.034226901829242706,0.8141606450080872,0.2525882124900818,0.009955980814993382,0.8213895559310913,0.2540290951728821,0.04441229999065399,0.772599458694458,0.32138702273368835,-0.2575758993625641,0.9079641103744507,0.3456491231918335,-0.02536730468273163,0.7381994128227234,0.4751025438308716,-0.2791665196418762,0.908789336681366,0.4990375339984894,0.02470811828970909,0.7180757522583008,0.6090074777603149,-0.19098687171936035,0.8745915293693542,0.6003063917160034,0.0905928760766983,0.7155307531356812,0.6471613049507141,-0.19810794293880463,0.8619421720504761,0.6370046138763428,0.10774751007556915,0.7226116061210632,0.6457512974739075,-0.1940278857946396,0.8510807752609253,0.6271706819534302,0.08232258260250092,0.7272400259971619,0.6324454545974731,-0.18671169877052307,0.8523170351982117,0.6132181882858276,0.08077439665794373,0.7713675498962402,0.616489589214325,-0.08955639600753784,0.8506674766540527,0.6253618001937866,0.08922259509563446,0.7448055148124695,0.7723516821861267,0.16622766852378845,0.8239845037460327,0.793947160243988,0.2939351499080658,0.7545686364173889,0.9362996220588684,0.37226593494415283,0.7997454404830933,0.9476608633995056,0.4725014567375183,0.76300048828125,0.9645583033561707,0.39291682839393616,0.8028251528739929,0.9706405997276306,0.49167123436927795,0.7166848182678223,0.9272231459617615,0.3762039840221405,0.7548710703849792,0.9836617708206177,0.4766174852848053,
4,0.8059261441230774,0.2368280440568924,0.12617634236812592,0.8079725503921509,0.21865463256835938,0.0739365816116333,0.8061803579330444,0.2182154804468155,0.07388453185558319,0.8041597604751587,0.2180965393781662,0.07377375662326813,0.8152114152908325,0.21857081353664398,0.09816543757915497,0.8187813758850098,0.21812158823013306,0.09814076125621796,0.8225725889205933,0.21808889508247375,0.09795857965946198,0.8060019612312317,0.22542858123779297,-0.08672408759593964,0.8343186378479004,0.2271256148815155,0.015463066287338734,0.8036988973617554,0.2503463327884674,0.08010520786046982,0.8108565211296082,0.25164589285850525,0.11013797670602798,0.7661603689193726,0.31540223956108093,-0.19786415994167328,0.899002730846405,0.3392605483531952,0.006415393203496933,0.7340851426124573,0.4652999937534332,-0.2571456730365753,0.8978626132011414,0.4898989498615265,0.057672686874866486,0.716532826423645,0.5990568399429321,-0.1743292510509491,0.8582776784896851,0.5825212001800537,0.1262085735797882,0.7121917009353638,0.634242057800293,-0.18182945251464844,0.846876323223114,0.6155181527137756,0.14288699626922607,0.7208801507949829,0.632515013217926,-0.1775936335325241,0.8327816724777222,0.6017934083938599,0.11792991310358047,0.7262195944786072,0.6190488934516907,-0.17000190913677216,0.8347881436347961,0.5923395156860352,0.11665423214435577,0.7619527578353882,0.611979603767395,-0.07340473681688309,0.8418566584587097,0.6234123110771179,0.0729687437415123,0.7363801598548889,0.7677615880966187,0.1808973103761673,0.8186028599739075,0.7959453463554382,0.29213809967041016,0.7308422327041626,0.9217642545700073,0.37441667914390564,0.7907071709632874,0.9571316838264465,0.4645330309867859,0.7416335344314575,0.9590021371841431,0.3950384259223938,0.786971926689148,0.971367597579956,0.4842521548271179,0.6897312998771667,0.9040866494178772,0.39186805486679077,0.7570214867591858,0.9799095392227173,0.4745393395423889,
4,0.802689254283905,0.23512031137943268,0.12644298374652863,0.8031677007675171,0.21769531071186066,0.07625879347324371,0.8007575869560242,0.21740594506263733,0.07623369991779327,0.7980465292930603,0.2174452841281891,0.07615824043750763,0.8116464614868164,0.21743588149547577,0.09781111776828766,0.8155398368835449,0.21705374121665955,0.09780734032392502,0.8197205662727356,0.21710166335105896,0.09763430058956146,0.7970299124717712,0.22575710713863373,-0.08453341573476791,0.8300800323486328,0.22694851458072662,0.008895568549633026,0.7989840507507324,0.24904190003871918,0.07906214892864227,0.8075610995292664,0.25031206011772156,0.10608913004398346,0.7565709948539734,0.3155377507209778,-0.1929222047328949,0.8880789875984192,0.3378444015979767,0.0036837048828601837,0.7265015840530396,0.4639624059200287,-0.25427454710006714,0.885289192199707,0.48331934213638306,0.039103683084249496,0.7106882333755493,0.5964990854263306,-0.18791773915290833,0.8438125848770142,0.5600526332855225,0.09460242092609406,0.7069301009178162,0.6306965947151184,-0.200765922665596,0.8340418934822083,0.5951151251792908,0.10707303136587143,0.7150347828865051,0.6300574541091919,-0.19201047718524933,0.8220674395561218,0.5838762521743774,0.1106019839644432,0.7201105356216431,0.617652177810669,-0.18240240216255188,0.8160346746444702,0.5894590616226196,0.09182198345661163,0.754325270652771,0.6010643243789673,-0.060381315648555756,0.8351863622665405,0.6181477904319763,0.0600053071975708,0.7274671196937561,0.7450532913208008,0.17599807679653168,0.8156577348709106,0.7921797633171082,0.2588106691837311,0.7058649063110352,0.9015324711799622,0.3688579201698303,0.7899975776672363,0.9626607894897461,0.39298394322395325,0.7112377882003784,0.9392486214637756,0.3891522288322449,0.7791069746017456,0.973590075969696,0.40852147340774536,0.6721794009208679,0.877949595451355,0.3867861032485962,0.7575019001960754,0.9758003950119019,0.39374199509620667,
4,0.7946935892105103,0.23566913604736328,0.13889749348163605,0.7943614721298218,0.219019815325737,0.09047399461269379,0.791977047920227,0.2188219577074051,0.09043017774820328,0.7892659306526184,0.21891938149929047,0.09034673869609833,0.8027895092964172,0.2183196097612381,0.1093468889594078,0.8066872358322144,0.21775129437446594,0.10936814546585083,0.8108171224594116,0.21761205792427063,0.10919927060604095,0.7876485586166382,0.2267277091741562,-0.06720846891403198,0.8196150064468384,0.2270752638578415,0.015386536717414856,0.7908505201339722,0.2500731945037842,0.09233173727989197,0.7995003461837769,0.2514422535896301,0.11605697870254517,0.7450335025787354,0.3181026577949524,-0.17019787430763245,0.8755003809928894,0.3364088833332062,0.006889563985168934,0.720765233039856,0.4684310853481293,-0.23007269203662872,0.8679221272468567,0.4791729152202606,0.03177627921104431,0.7037252187728882,0.6002132296562195,-0.17837895452976227,0.8282145261764526,0.5518285036087036,0.026311639696359634,0.7007321119308472,0.6331139802932739,-0.1902008205652237,0.8176830410957336,0.6004053354263306,0.03525592014193535,0.7070128321647644,0.6329477429389954,-0.1817234605550766,0.8056495785713196,0.5949227809906006,0.013338902965188026,0.7111995220184326,0.6215129494667053,-0.1730516254901886,0.8035807609558105,0.588977575302124,0.016107602044939995,0.7467278838157654,0.6026008129119873,-0.04611429199576378,0.8233591914176941,0.6197388768196106,0.04579485207796097,0.7215920090675354,0.7368048429489136,0.18365752696990967,0.8071430921554565,0.7922869324684143,0.20159678161144257,0.6884073615074158,0.8815945386886597,0.39260023832321167,0.790382444858551,0.9767800569534302,0.29126015305519104,0.6887794733047485,0.9128982424736023,0.41413062810897827,0.7758733034133911,0.9775179028511047,0.30149734020233154,0.6494296193122864,0.8573965430259705,0.420076847076416,0.7714234590530396,0.9798994660377502,0.2799859046936035,
4,0.7859941720962524,0.23954901099205017,0.15194407105445862,0.7850018739700317,0.22452989220619202,0.10641257464885712,0.7824915647506714,0.22427502274513245,0.10635843127965927,0.7796825766563416,0.22429494559764862,0.10629459470510483,0.7938279509544373,0.22401756048202515,0.12353148311376572,0.7978311777114868,0.22345267236232758,0.12354949861764908,0.8020579218864441,0.22325828671455383,0.12337813526391983,0.7769313454627991,0.2310890257358551,-0.04782642796635628,0.8106222152709961,0.2314721941947937,0.025619929656386375,0.782123327255249,0.25228941440582275,0.10507086664438248,0.7912167906761169,0.2541031539440155,0.12608656287193298,0.7332591414451599,0.31826767325401306,-0.13959935307502747,0.8656184077262878,0.3383733332157135,0.005356700625270605,0.7122161984443665,0.4708641767501831,-0.2012178897857666,0.8564046621322632,0.4780576825141907,0.014627551659941673,0.6945006251335144,0.6017231345176697,-0.16946791112422943,0.81330806016922,0.5265341401100159,0.010937059298157692,0.6902512311935425,0.6339542865753174,-0.1785493791103363,0.8021430969238281,0.5619787573814392,0.021799342706799507,0.6969479918479919,0.6345627307891846,-0.1664605289697647,0.7897261381149292,0.5560957789421082,0.0017576307291164994,0.7013762593269348,0.6236612200737,-0.16274738311767578,0.7872754335403442,0.5498651266098022,0.0019299654522910714,0.7372519969940186,0.6015787124633789,-0.017059775069355965,0.812451183795929,0.6205424666404724,0.016705136746168137,0.7111812829971313,0.7350994944572449,0.20873785018920898,0.7999258637428284,0.7993894815444946,0.1196679100394249,0.6791640520095825,0.8615291714668274,0.3929230570793152,0.7906227707862854,0.9865392446517944,0.15161536633968353,0.673332691192627,0.8921230435371399,0.4117733836174011,0.7818904519081116,1.0257184505462646,0.1554839313030243,0.634280800819397,0.8458942174911499,0.4164796471595764,0.7836828231811523,0.9786096811294556,0.124136783182621,
4,0.7734206914901733,0.24763870239257812,0.16930866241455078,0.7725942134857178,0.2319130301475525,0.12704935669898987,0.7701090574264526,0.23144693672657013,0.12698659300804138,0.7673343420028687,0.2312304675579071,0.12691032886505127,0.7813800573348999,0.23208501935005188,0.14239121973514557,0.7854808568954468,0.2317279875278473,0.14240451157093048,0.7898157238960266,0.23170238733291626,0.14222916960716248,0.7643994092941284,0.2378442883491516,-0.019070809707045555,0.7986478805541992,0.23992545902729034,0.0452653206884861,0.7695334553718567,0.2597027122974396,0.12458588927984238,0.7785142064094543,0.26237615942955017,0.14294663071632385,0.7222099900245667,0.32130828499794006,-0.11501006036996841,0.8534740209579468,0.3436163365840912,0.02467096596956253,0.7015021443367004,0.4721044600009918,-0.17928825318813324,0.853268027305603,0.48283931612968445,0.01950855925679207,0.6861425638198853,0.6025022268295288,-0.14333313703536987,0.8054912686347961,0.5102463364601135,0.023579828441143036,0.6811392307281494,0.634377658367157,-0.14923661947250366,0.7985376715660095,0.5427548885345459,0.03448284789919853,0.6862459778785706,0.635536253452301,-0.13764168322086334,0.7855689525604248,0.5358965396881104,0.015203786082565784,0.6909792423248291,0.6248829364776611,-0.13638465106487274,0.7834658622741699,0.5305407047271729,0.01520908810198307,0.726929247379303,0.6028382778167725,-0.016674811020493507,0.8031676411628723,0.6214516162872314,0.01633130945265293,0.7004871368408203,0.728857159614563,0.2124452292919159,0.7940961122512817,0.802763819694519,0.11339100450277328,0.6734634637832642,0.8466998934745789,0.3949698805809021,0.7910258769989014,0.9876793026924133,0.14508774876594543,0.6697084903717041,0.8801132440567017,0.4138663709163666,0.7846907377243042,1.0337555408477783,0.14860208332538605,0.6362711787223816,0.8438441157341003,0.4203086793422699,0.79117351770401,0.9798190593719482,0.1196286529302597,
4,0.7633243799209595,0.24904149770736694,0.15583691000938416,0.7615634799003601,0.23377618193626404,0.11273308843374252,0.7589176893234253,0.23333391547203064,0.11267627775669098,0.7559996843338013,0.23317685723304749,0.11259657144546509,0.7705610990524292,0.23421995341777802,0.12750378251075745,0.7745534181594849,0.2340104877948761,0.12751208245754242,0.778810977935791,0.2341563105583191,0.1273408681154251,0.7526869177818298,0.24051232635974884,-0.03319449722766876,0.7871972322463989,0.24299125373363495,0.029049774631857872,0.7591201066970825,0.26106107234954834,0.11136370897293091,0.768274188041687,0.26397445797920227,0.12928009033203125,0.7089689373970032,0.3253609240055084,-0.11964543163776398,0.8403823971748352,0.3467971086502075,0.013661970384418964,0.6871974468231201,0.47314009070396423,-0.1689470410346985,0.8388379812240601,0.48508206009864807,0.01844465732574463,0.677935004234314,0.5994439721107483,-0.12528643012046814,0.7898904085159302,0.527592122554779,0.05776416137814522,0.6742232441902161,0.6308721303939819,-0.12900735437870026,0.7841749787330627,0.5465682148933411,0.07219861447811127,0.6812555193901062,0.6301218867301941,-0.1199786439538002,0.7715837955474854,0.5398241877555847,0.057772208005189896,0.6840609908103943,0.6204612255096436,-0.11948505789041519,0.76963871717453,0.5340527892112732,0.052041154354810715,0.7104600667953491,0.6040236949920654,-0.01491884421557188,0.789145290851593,0.6200409531593323,0.014588398858904839,0.6894128322601318,0.7288737893104553,0.20562055706977844,0.7862509489059448,0.8023709058761597,0.1325989067554474,0.6685148477554321,0.8455021977424622,0.38872286677360535,0.7895361185073853,0.9839160442352295,0.1859469711780548,0.6650735139846802,0.8773335218429565,0.40816354751586914,0.7820788621902466,1.0019384622573853,0.19257234036922455,0.6406422853469849,0.8482100963592529,0.4139738976955414,0.7929897308349609,0.9763582348823547,0.16805490851402283,
4,0.7464908361434937,0.25024890899658203,0.12463358789682388,0.745556116104126,0.23496736586093903,0.08189253509044647,0.7431172132492065,0.2344811111688614,0.08184189349412918,0.7403509616851807,0.2342880219221115,0.08176593482494354,0.7539286017417908,0.23553553223609924,0.10384491831064224,0.7577933073043823,0.23538367450237274,0.10384637117385864,0.7618457078933716,0.2355984002351761,0.10372813791036606,0.7380740642547607,0.24202652275562286,-0.048170264810323715,0.7708682417869568,0.24477790296077728,0.022979408502578735,0.7427178621292114,0.2621522545814514,0.08375449478626251,0.7512904405593872,0.2651120722293854,0.1102713793516159,0.6964479684829712,0.32606256008148193,-0.15914742648601532,0.8232287168502808,0.3467882573604584,0.0304989255964756,0.6779807209968567,0.4733664095401764,-0.22578556835651398,0.825921893119812,0.47984713315963745,0.024126561358571053,0.666193962097168,0.5964193344116211,-0.19488900899887085,0.7808220982551575,0.5226759314537048,0.00732801016420126,0.6621450781822205,0.6279082894325256,-0.20890267193317413,0.7717361450195312,0.5539293885231018,0.011180376634001732,0.6670221090316772,0.6271560192108154,-0.2016516923904419,0.7596153616905212,0.5496624708175659,-0.012098400853574276,0.670927882194519,0.6165443062782288,-0.1895807385444641,0.7580580711364746,0.5438302159309387,-0.004085976164788008,0.6989428400993347,0.5984275341033936,-0.04929250106215477,0.7767293453216553,0.6105383634567261,0.04887022450566292,0.6809340715408325,0.7207294702529907,0.1622794270515442,0.7772551774978638,0.7768689393997192,0.2006365805864334,0.6649236083030701,0.8546744585037231,0.33892375230789185,0.7898920774459839,0.950852632522583,0.21271081268787384,0.6689520478248596,0.8899880647659302,0.3585645854473114,0.7861552238464355,0.9775710701942444,0.21145696938037872,0.6288663148880005,0.8495592474937439,0.35390666127204895,0.7884454727172852,0.9407942891120911,0.24167577922344208,
4,0.7338902950286865,0.2505424916744232,0.09947845339775085,0.7325183749198914,0.23574917018413544,0.05459628626704216,0.7300347685813904,0.2352890968322754,0.054525770246982574,0.7272207140922546,0.23510146141052246,0.05443893000483513,0.7409932017326355,0.23622016608715057,0.07575828582048416,0.7448872327804565,0.2360493540763855,0.07575750350952148,0.7490212321281433,0.23625797033309937,0.07561910152435303,0.7254995107650757,0.24251723289489746,-0.08654798567295074,0.7591723203659058,0.24530450999736786,0.0022624763660132885,0.7302320599555969,0.262389600276947,0.05707421898841858,0.7391321659088135,0.2652296721935272,0.08332907408475876,0.6844184398651123,0.32646849751472473,-0.18604758381843567,0.8104293942451477,0.3461989462375641,0.012422386556863785,0.6623634099960327,0.4717783033847809,-0.23422367870807648,0.8176149129867554,0.4790460765361786,0.013228592462837696,0.652621865272522,0.5892564058303833,-0.19294026494026184,0.7766087055206299,0.5347201824188232,0.0030964387115091085,0.6481271982192993,0.6183982491493225,-0.20688609778881073,0.7662760615348816,0.5652129054069519,0.004480262286961079,0.6555033326148987,0.6160767674446106,-0.20126911997795105,0.7556924223899841,0.5583465099334717,-0.019082283601164818,0.6613430976867676,0.6048049330711365,-0.18858452141284943,0.7575278282165527,0.551540195941925,-0.008114109747111797,0.6869684457778931,0.5971246957778931,-0.056209735572338104,0.7631708383560181,0.6065292358398438,0.05581449344754219,0.6696972250938416,0.7125391364097595,0.15914557874202728,0.7664962410926819,0.7576438188552856,0.24524347484111786,0.6623817682266235,0.8576207756996155,0.3406359553337097,0.7902401685714722,0.9234554767608643,0.3599039316177368,0.668437659740448,0.8922194838523865,0.36029982566833496,0.7933058142662048,0.9542012810707092,0.3745438754558563,0.619325578212738,0.8473549485206604,0.35415250062942505,0.7835233211517334,0.9217255115509033,0.37469640374183655,
4,0.7245340347290039,0.2509766221046448,0.09286920726299286,0.7219303846359253,0.23679594695568085,0.04752308130264282,0.7191901206970215,0.2362981140613556,0.04746264964342117,0.716116189956665,0.23603898286819458,0.04737419635057449,0.730925440788269,0.23723918199539185,0.06604501605033875,0.734799861907959,0.23700828850269318,0.0660289078950882,0.7389570474624634,0.23714391887187958,0.0658847764134407,0.7141207456588745,0.24280370771884918,-0.09556834399700165,0.7482415437698364,0.24560095369815826,-0.015178200788795948,0.7207638025283813,0.2625862658023834,0.05067307874560356,0.7302960753440857,0.2653457522392273,0.07368016988039017,0.6743043065071106,0.32666170597076416,-0.19567570090293884,0.7988624572753906,0.34423068165779114,-0.008857758715748787,0.6496807336807251,0.46898138523101807,-0.24201810359954834,0.803854763507843,0.47576552629470825,-0.020384471863508224,0.635598361492157,0.5853782892227173,-0.21331489086151123,0.7708367109298706,0.537064790725708,-0.05232565850019455,0.6298354864120483,0.611921489238739,-0.23173432052135468,0.7625710368156433,0.5683032870292664,-0.05716944485902786,0.638596773147583,0.6104233860969543,-0.22740018367767334,0.7520334720611572,0.5632149577140808,-0.07634072750806808,0.6450904607772827,0.60030597448349,-0.21034829318523407,0.7531179785728455,0.5574051141738892,-0.06224147230386734,0.6762040257453918,0.5928884148597717,-0.06461652368307114,0.7535830140113831,0.6004487872123718,0.06429047882556915,0.6644361019134521,0.7130301594734192,0.151462122797966,0.7507394552230835,0.7371390461921692,0.2631901502609253,0.6640911102294922,0.8588283658027649,0.33956611156463623,0.7840471267700195,0.8851988315582275,0.4172855317592621,0.6712192296981812,0.8942316174507141,0.3596896529197693,0.7909992933273315,0.920522153377533,0.43619903922080994,0.6216171979904175,0.8481921553611755,0.3449915647506714,0.7763844132423401,0.8975131511688232,0.4301350712776184,
4,0.7162781953811646,0.2501067519187927,0.08615774661302567,0.7131029367446899,0.23666761815547943,0.04174255579710007,0.7102198600769043,0.23625101149082184,0.04169663041830063,0.7070862054824829,0.23591847717761993,0.04162352904677391,0.7220515608787537,0.23689742386341095,0.05740956589579582,0.7256789207458496,0.2366323620080948,0.0573914535343647,0.7297298312187195,0.23677001893520355,0.057254940271377563,0.7040941715240479,0.24275091290473938,-0.09984733909368515,0.7394483685493469,0.2450241893529892,-0.031231001019477844,0.7120383977890015,0.2618939280509949,0.04453587904572487,0.7214953899383545,0.2640199363231659,0.06408996134996414,0.6639059782028198,0.32668906450271606,-0.1959102302789688,0.7882521152496338,0.3397219479084015,-0.032547157257795334,0.6402433514595032,0.463072806596756,-0.2323356419801712,0.7928611040115356,0.4687432050704956,-0.011139774695038795,0.6228176355361938,0.5753021836280823,-0.19248032569885254,0.7681461572647095,0.5448572635650635,0.024530064314603806,0.6186795830726624,0.6007577180862427,-0.20833325386047363,0.7613164782524109,0.5759047865867615,0.023708157241344452,0.6291688084602356,0.5981703400611877,-0.22128036618232727,0.752053439617157,0.5693076252937317,0.009463426657021046,0.634953498840332,0.5886269211769104,-0.1958763748407364,0.7520191073417664,0.5609238743782043,0.018239058554172516,0.6683618426322937,0.5895043611526489,-0.06456132233142853,0.7393399477005005,0.594150722026825,0.06422223150730133,0.6626829504966736,0.7128686308860779,0.14955368638038635,0.7283992171287537,0.7180042862892151,0.2843465209007263,0.6657363176345825,0.8624471426010132,0.33241525292396545,0.7648857235908508,0.8549044132232666,0.4670824408531189,0.6741162538528442,0.8970808386802673,0.3521471321582794,0.7653630971908569,0.8904771208763123,0.4891200661659241,0.6304387450218201,0.8505865335464478,0.3297891914844513,0.7537132501602173,0.8727833032608032,0.48842936754226685,
4,0.7095646262168884,0.24535918235778809,0.08543002605438232,0.7057176232337952,0.23186525702476501,0.04020648077130318,0.7024728059768677,0.2314860224723816,0.040164146572351456,0.6989527940750122,0.23137186467647552,0.040085114538669586,0.7150305509567261,0.23244841396808624,0.05483265966176987,0.7186318635940552,0.23244404792785645,0.054818879812955856,0.7225476503372192,0.23292237520217896,0.05468258261680603,0.6948509216308594,0.238820418715477,-0.10888215154409409,0.731479287147522,0.2416679561138153,-0.04498940333724022,0.7041424512863159,0.25764214992523193,0.04070242494344711,0.7141633033752441,0.2593702971935272,0.058902014046907425,0.6544014811515808,0.3222663998603821,-0.21454069018363953,0.7783520817756653,0.33195561170578003,-0.04350559413433075,0.624493420124054,0.45010045170783997,-0.23727186024188995,0.7865562438964844,0.4590848982334137,-0.04125165194272995,0.6063022613525391,0.5656381845474243,-0.1949908435344696,0.769291877746582,0.5450027585029602,-0.05711216479539871,0.6017027497291565,0.5910297632217407,-0.2103165090084076,0.7648564577102661,0.5803778767585754,-0.06402017921209335,0.6078272461891174,0.5884056091308594,-0.2120712250471115,0.7588098645210266,0.577444851398468,-0.07737206667661667,0.6144667863845825,0.5790849328041077,-0.19457009434700012,0.7570482492446899,0.5631527304649353,-0.06440390646457672,0.6620591282844543,0.582137942314148,-0.07351944595575333,0.7320960760116577,0.5819841623306274,0.07324998825788498,0.6610234379768372,0.7161113023757935,0.10915921628475189,0.7198777198791504,0.7096386551856995,0.2849225699901581,0.6670379042625427,0.8649421334266663,0.27696099877357483,0.7512480020523071,0.8436461687088013,0.45875057578086853,0.6761506795883179,0.8966485857963562,0.29365482926368713,0.7570555210113525,0.8694041967391968,0.47843796014785767,0.6281071901321411,0.8556330800056458,0.2452317774295807,0.7354339361190796,0.8665440678596497,0.4661319851875305,
4,0.695365846157074,0.23357456922531128,0.035389624536037445,0.6919907331466675,0.22001715004444122,-0.005658368580043316,0.6888540983200073,0.21968381106853485,-0.005678954999893904,0.6853986978530884,0.21974344551563263,-0.005748549476265907,0.7014230489730835,0.22096875309944153,0.009050488471984863,0.7051330804824829,0.22124072909355164,0.009028775617480278,0.709131121635437,0.22197122871875763,0.008908131159842014,0.6827780604362488,0.2280682474374771,-0.14030355215072632,0.7182112336158752,0.2314395159482956,-0.07403130829334259,0.690470814704895,0.24609065055847168,-0.004780159797519445,0.7007948756217957,0.24756518006324768,0.014104239642620087,0.6453404426574707,0.31037819385528564,-0.2336498498916626,0.765218198299408,0.3237863779067993,-0.04752025753259659,0.6165521144866943,0.4272685647010803,-0.2349567711353302,0.7754310369491577,0.44763651490211487,0.003399742068722844,0.5935303568840027,0.5322220921516418,-0.19106653332710266,0.7657660245895386,0.5440810918807983,0.05024534463882446,0.5881832838058472,0.5636605024337769,-0.20619328320026398,0.7626492977142334,0.5781667828559875,0.0496642030775547,0.5916954874992371,0.5577777624130249,-0.20179085433483124,0.7581568360328674,0.5770965814590454,0.030596155673265457,0.5959376096725464,0.5463743805885315,-0.19361111521720886,0.7563526034355164,0.5632426738739014,0.0430799275636673,0.6564468145370483,0.5669993162155151,-0.08328883349895477,0.7158301472663879,0.561084508895874,0.08291753381490707,0.6606178283691406,0.6996232867240906,0.12627793848514557,0.6955056190490723,0.6817178726196289,0.31043902039527893,0.6685792207717896,0.8563498854637146,0.29753658175468445,0.6990934610366821,0.8184548616409302,0.5275168418884277,0.6772188544273376,0.8863524794578552,0.31678175926208496,0.7022734880447388,0.8422984480857849,0.5513066053390503,0.6306852102279663,0.8522674441337585,0.27919191122055054,0.6681301593780518,0.831046998500824,0.5375436544418335,
4,0.6869276762008667,0.2316647619009018,0.02137976512312889,0.6836027503013611,0.21736840903759003,-0.021765107288956642,0.6804877519607544,0.2170734405517578,-0.021768128499388695,0.6770771741867065,0.21715988218784332,-0.021835681051015854,0.6927920579910278,0.21806564927101135,-0.009429446421563625,0.6964018940925598,0.21821580827236176,-0.009477793239057064,0.7002763748168945,0.21883106231689453,-0.009610692970454693,0.674418032169342,0.22568516433238983,-0.15996363759040833,0.7090386152267456,0.22824566066265106,-0.10530944913625717,0.6819247007369995,0.24389778077602386,-0.019266555085778236,0.6920865178108215,0.24518983066082,-0.0037754338700324297,0.635381281375885,0.30757397413253784,-0.24980111420154572,0.7559369802474976,0.3224292993545532,-0.08127192407846451,0.6079033613204956,0.4241876006126404,-0.2337830811738968,0.767203152179718,0.44539675116539,-0.006463310681283474,0.5860148668289185,0.5257837772369385,-0.1490984559059143,0.7619505524635315,0.5425852537155151,0.06855086237192154,0.5796592831611633,0.5587121248245239,-0.16018889844417572,0.758294939994812,0.5747126936912537,0.0753706842660904,0.5827811360359192,0.5547661185264587,-0.16071146726608276,0.7544215321540833,0.5739024877548218,0.058563150465488434,0.5884107947349548,0.5432024002075195,-0.14827406406402588,0.7531551122665405,0.560763955116272,0.06334154307842255,0.6491137742996216,0.5640121102333069,-0.08483995497226715,0.7088215947151184,0.5590193867683411,0.08440634608268738,0.6553121209144592,0.7021468281745911,0.12732133269309998,0.6830113530158997,0.6788249611854553,0.3245762288570404,0.6638637185096741,0.8547347187995911,0.3235471248626709,0.6775151491165161,0.8221729397773743,0.5505303144454956,0.6723615527153015,0.8844642639160156,0.34385189414024353,0.6805018186569214,0.8488847017288208,0.5750647783279419,0.6238055229187012,0.853882372379303,0.29731741547584534,0.653873860836029,0.8267984390258789,0.5607067346572876,
4,0.6832038760185242,0.23281130194664001,0.0255562923848629,0.6791638731956482,0.21861065924167633,-0.018646415323019028,0.6759490370750427,0.21831585466861725,-0.018632005900144577,0.6724338531494141,0.21838487684726715,-0.018697703257203102,0.6885243654251099,0.21917515993118286,-0.00881962664425373,0.6920467615127563,0.21925176680088043,-0.008829593658447266,0.6955476999282837,0.2197728306055069,-0.00894164852797985,0.6691654920578003,0.22660265862941742,-0.15807390213012695,0.7040160894393921,0.22906431555747986,-0.11521343886852264,0.6778396964073181,0.24462683498859406,-0.014776485040783882,0.688046395778656,0.24586613476276398,-0.0024529967922717333,0.6276277303695679,0.30854079127311707,-0.244580939412117,0.7481664419174194,0.3218972384929657,-0.099991574883461,0.5999789834022522,0.42580193281173706,-0.21080553531646729,0.7649675011634827,0.4445679783821106,-0.04156012088060379,0.5816818475723267,0.5192573070526123,-0.11039108037948608,0.7586890459060669,0.5412997007369995,0.053311578929424286,0.5769343972206116,0.5500220060348511,-0.11975761502981186,0.7557322978973389,0.5710114240646362,0.05705281347036362,0.5818201303482056,0.5458091497421265,-0.11969147622585297,0.7506124973297119,0.5698326230049133,0.03685491532087326,0.5861791968345642,0.5349524021148682,-0.10854236036539078,0.7492753267288208,0.5583915114402771,0.04348616302013397,0.6439483165740967,0.5622261166572571,-0.08489290624856949,0.7038151621818542,0.5584697723388672,0.08444949239492416,0.6520726084709167,0.7063719630241394,0.1487424373626709,0.6779640913009644,0.6867268681526184,0.33474546670913696,0.6636024713516235,0.8542029857635498,0.3735335171222687,0.6669908761978149,0.813454270362854,0.589898943901062,0.6738677024841309,0.885416567325592,0.3963472545146942,0.6819266080856323,0.8439953327178955,0.6171262264251709,0.6272820830345154,0.8553117513656616,0.34972265362739563,0.6392403244972229,0.8259180784225464,0.5989567041397095,
4,0.6710304021835327,0.2338736653327942,0.03829462453722954,0.6678716540336609,0.22086767852306366,-0.0060205003246665,0.6648660898208618,0.22064326703548431,-0.006015958730131388,0.661681056022644,0.22062920033931732,-0.006086953915655613,0.6769859790802002,0.2210814356803894,0.005565222352743149,0.6807352304458618,0.22106428444385529,0.0055355289950966835,0.6844937801361084,0.2214556634426117,0.005412614904344082,0.6600838899612427,0.22799420356750488,-0.14714226126670837,0.6942568421363831,0.23053832352161407,-0.09556443244218826,0.6661595106124878,0.2452060878276825,-0.002954699331894517,0.6760321855545044,0.24596861004829407,0.011662827804684639,0.6206033229827881,0.3098728358745575,-0.24112951755523682,0.7395069003105164,0.32376590371131897,-0.07743270695209503,0.5937260389328003,0.4269517660140991,-0.21068692207336426,0.7625349760055542,0.44463688135147095,-0.029490988701581955,0.5744274854660034,0.5197052359580994,-0.11569783836603165,0.7581601738929749,0.5419013500213623,0.04463092237710953,0.5679947137832642,0.5503855347633362,-0.12663963437080383,0.7552362680435181,0.5711695551872253,0.04908521845936775,0.5730004906654358,0.5469393134117126,-0.12540043890476227,0.7487975358963013,0.5698322057723999,0.03391290083527565,0.5773778557777405,0.5358347296714783,-0.11334731429815292,0.7470642924308777,0.5588535070419312,0.038131386041641235,0.6399626731872559,0.5628812313079834,-0.09333549439907074,0.6974868178367615,0.5576768517494202,0.0928848534822464,0.6479049921035767,0.7087224125862122,0.12764470279216766,0.6654787659645081,0.6904585957527161,0.3211703896522522,0.6655584573745728,0.8528890013694763,0.37087953090667725,0.6528844833374023,0.8058050870895386,0.5679865479469299,0.6760002970695496,0.8845292925834656,0.38732224702835083,0.6630395650863647,0.8497947454452515,0.5940066576004028,0.6277303695678711,0.8560656905174255,0.3206268846988678,0.6144672632217407,0.832994818687439,0.5672351121902466,
4,0.6647106409072876,0.24079443514347076,0.04329974204301834,0.6609792113304138,0.22930380702018738,-0.0007883493090048432,0.6578818559646606,0.22896145284175873,-0.0007740837172605097,0.6546005010604858,0.22870901226997375,-0.0008405301487073302,0.6705358028411865,0.22943753004074097,0.009824397973716259,0.6743554472923279,0.22929087281227112,0.009792529046535492,0.6781419515609741,0.22942854464054108,0.009657272137701511,0.6529058218002319,0.23417581617832184,-0.14271102845668793,0.688302218914032,0.23661312460899353,-0.09599828720092773,0.6601234674453735,0.25116878747940063,0.0016792805399745703,0.6704427003860474,0.25160500407218933,0.015009629540145397,0.6144106984138489,0.31074824929237366,-0.23409023880958557,0.731499195098877,0.32434141635894775,-0.08378467708826065,0.5887616872787476,0.428301066160202,-0.18420818448066711,0.7557152509689331,0.44365939497947693,-0.036335088312625885,0.5730488896369934,0.5183814167976379,-0.08052299916744232,0.7556759119033813,0.5412715673446655,0.04395218938589096,0.5667414665222168,0.5467951893806458,-0.08548225462436676,0.7550570964813232,0.5699989199638367,0.04521509259939194,0.5725798010826111,0.5437819957733154,-0.0854952484369278,0.7477501630783081,0.5695818662643433,0.030280033126473427,0.5770003795623779,0.5328570008277893,-0.07813520729541779,0.7451562881469727,0.5588655471801758,0.03387903422117233,0.6352935433387756,0.5598294138908386,-0.09248233586549759,0.6912294030189514,0.5552526116371155,0.09198454767465591,0.6427892446517944,0.7068873047828674,0.11634806543588638,0.6631430387496948,0.675531804561615,0.31078946590423584,0.6617143154144287,0.8457052111625671,0.3401806354522705,0.6419728994369507,0.7959960103034973,0.5513162016868591,0.6761829853057861,0.8790306448936462,0.36092573404312134,0.6519109606742859,0.8452274203300476,0.5765084624290466,0.6237625479698181,0.8551524877548218,0.2964317202568054,0.6052149534225464,0.8311529159545898,0.546099066734314,
4,0.6531035900115967,0.24705788493156433,0.046417031437158585,0.6502193808555603,0.23595519363880157,0.002134384587407112,0.6475282907485962,0.23554959893226624,0.0021498429123312235,0.6446614861488342,0.23517213761806488,0.0020786053501069546,0.6590215563774109,0.23608824610710144,0.014798363670706749,0.6626936197280884,0.23588107526302338,0.014772397466003895,0.6664189696311951,0.23584529757499695,0.014649398624897003,0.6449809074401855,0.2397799789905548,-0.13949096202850342,0.6771100759506226,0.24164175987243652,-0.08577980846166611,0.6493642330169678,0.2569578289985657,0.004872230812907219,0.6588724851608276,0.2572099268436432,0.0206914022564888,0.6091274619102478,0.31096553802490234,-0.23432078957557678,0.723544180393219,0.3260127007961273,-0.06964792311191559,0.583095371723175,0.4297923147678375,-0.19544880092144012,0.7468234896659851,0.44437360763549805,-0.026590267196297646,0.5691287517547607,0.5220263004302979,-0.10605268180370331,0.7506569623947144,0.5415355563163757,0.0423276349902153,0.5637233853340149,0.5488090515136719,-0.1146996021270752,0.7514037489891052,0.5710160136222839,0.042568452656269073,0.5680028796195984,0.5455536246299744,-0.11291384696960449,0.7438403367996216,0.5698659420013428,0.027874434366822243,0.5726010799407959,0.5357993841171265,-0.10299525409936905,0.7408411502838135,0.5589898228645325,0.03202028572559357,0.629669189453125,0.5586547255516052,-0.09537564218044281,0.6852820515632629,0.5538205504417419,0.09489711374044418,0.6373193860054016,0.7033395171165466,0.08115438371896744,0.6545557379722595,0.6766520738601685,0.2952834963798523,0.6628440618515015,0.8439666032791138,0.26071348786354065,0.6338144540786743,0.7996704578399658,0.5483280420303345,0.6768919825553894,0.8754616975784302,0.2787175178527832,0.6342700123786926,0.830324113368988,0.5745915174484253,0.6258779764175415,0.8554055094718933,0.2192784547805786,0.598490297794342,0.831692099571228,0.5058172941207886,
4,0.6515949964523315,0.2513316571712494,0.07366872578859329,0.6483848690986633,0.24011510610580444,0.030578389763832092,0.6456523537635803,0.23964235186576843,0.030582521110773087,0.642693817615509,0.2391839474439621,0.03050766885280609,0.6571893692016602,0.24034219980239868,0.04443769529461861,0.6606179475784302,0.24013186991214752,0.04444031044840813,0.6640198826789856,0.24011796712875366,0.04435618966817856,0.6420938372612,0.24316269159317017,-0.11077006161212921,0.6739842891693115,0.24543695151805878,-0.04867683723568916,0.6474405527114868,0.26047492027282715,0.031520698219537735,0.6571532487869263,0.26107484102249146,0.048912324011325836,0.6056932806968689,0.31196942925453186,-0.21805444359779358,0.7170283794403076,0.3274499177932739,-0.02897753193974495,0.5819051861763,0.4300127923488617,-0.1895631104707718,0.7392717599868774,0.44573384523391724,0.011998215690255165,0.5650699138641357,0.5234973430633545,-0.10396663099527359,0.7442176938056946,0.5420628786087036,0.05233031511306763,0.5590965747833252,0.5481374859809875,-0.11513127386569977,0.7452865242958069,0.5714279413223267,0.05631053447723389,0.563275158405304,0.5450039505958557,-0.11298946291208267,0.737502932548523,0.570181131362915,0.043505243957042694,0.5682181119918823,0.5367125868797302,-0.1008378118276596,0.7344713807106018,0.5595500469207764,0.046546079218387604,0.6229026913642883,0.5577917695045471,-0.09649109095335007,0.6779739856719971,0.553744912147522,0.09607135504484177,0.6324204206466675,0.7014592885971069,0.0766695961356163,0.6472485065460205,0.6768591403961182,0.28831738233566284,0.6631179451942444,0.8421615362167358,0.250293105840683,0.6302344799041748,0.799460768699646,0.5124399065971375,0.6774060130119324,0.8695993423461914,0.2678723633289337,0.6313579082489014,0.8289325833320618,0.5338466167449951,0.6268748044967651,0.8551639318466187,0.20700831711292267,0.5979622602462769,0.8337766528129578,0.4801516532897949,
4,0.650065541267395,0.25072047114372253,0.10803014039993286,0.6470274925231934,0.23904436826705933,0.06536757946014404,0.6442685127258301,0.23858632147312164,0.06536667048931122,0.6412867903709412,0.2382054179906845,0.06529447436332703,0.6557544469833374,0.23944713175296783,0.07599727809429169,0.6590778827667236,0.23935087025165558,0.07600155472755432,0.662460207939148,0.23950408399105072,0.075926274061203,0.6398996114730835,0.242810919880867,-0.07951299846172333,0.6719237565994263,0.24575796723365784,-0.031272001564502716,0.6451681852340698,0.2601716220378876,0.06454376876354218,0.6549268364906311,0.2609134614467621,0.07772611081600189,0.6009344458580017,0.31245309114456177,-0.1865939199924469,0.7103410363197327,0.3276363015174866,-0.025068217888474464,0.5753017067909241,0.427424818277359,-0.1633087545633316,0.7293227314949036,0.445447713136673,0.004573863465338945,0.5605184435844421,0.5219933390617371,-0.08081640303134918,0.7365039587020874,0.5417211651802063,0.021667584776878357,0.5542901754379272,0.5463058948516846,-0.09105559438467026,0.7372627258300781,0.5699187517166138,0.022735949605703354,0.5587996244430542,0.5435705780982971,-0.08642507344484329,0.7297331690788269,0.5688571333885193,0.014695371501147747,0.5642257332801819,0.5357107520103455,-0.07704578340053558,0.7268955707550049,0.5587920546531677,0.018072176724672318,0.6134623289108276,0.5520590543746948,-0.09483194351196289,0.6680474877357483,0.5485971570014954,0.09442618489265442,0.6243366599082947,0.6964567303657532,0.07803128659725189,0.6407710313796997,0.6673963665962219,0.28798550367355347,0.6581610441207886,0.8271157741546631,0.2545141875743866,0.6213857531547546,0.7941638827323914,0.5069245100021362,0.6737191081047058,0.8631995320320129,0.2726236581802368,0.6332482099533081,0.8283530473709106,0.5285570621490479,0.6255969405174255,0.8527289628982544,0.21413442492485046,0.5964502096176147,0.8244888186454773,0.4831357002258301,
4,0.6480855941772461,0.250469446182251,0.1040092259645462,0.6452310681343079,0.23878563940525055,0.056663595139980316,0.6423524618148804,0.23830193281173706,0.05662291496992111,0.6392369866371155,0.23789037764072418,0.05653958395123482,0.6540085077285767,0.23900553584098816,0.0632082000374794,0.6572049260139465,0.23879608511924744,0.06319671124219894,0.6604235768318176,0.23885340988636017,0.06303373724222183,0.6370140314102173,0.24259109795093536,-0.08764685690402985,0.6688141822814941,0.245297372341156,-0.04036003351211548,0.6427887678146362,0.25949826836586,0.06401119381189346,0.6524507999420166,0.26030319929122925,0.06809958070516586,0.5970138311386108,0.3120773136615753,-0.21787118911743164,0.7053343057632446,0.32764917612075806,-0.022177811712026596,0.5692522525787354,0.4266599118709564,-0.21805937588214874,0.7239147424697876,0.44228026270866394,0.0006205404060892761,0.5559688210487366,0.5229805707931519,-0.11799497902393341,0.7300280332565308,0.537995457649231,0.013335136696696281,0.5501272082328796,0.5485379695892334,-0.1273791790008545,0.7308181524276733,0.5655848383903503,0.02094527706503868,0.5552149415016174,0.54622882604599,-0.11210308223962784,0.7232691049575806,0.5651343464851379,0.010393502190709114,0.5616480112075806,0.5381807684898376,-0.10983419418334961,0.7200461030006409,0.5553640723228455,0.008984633721411228,0.6076605916023254,0.5463188886642456,-0.10365469753742218,0.6607599258422852,0.5438607335090637,0.1032937541604042,0.6142758131027222,0.6928252577781677,0.05618874356150627,0.6304481625556946,0.6686341762542725,0.2754687964916229,0.6578153371810913,0.8083520531654358,0.15614740550518036,0.6105719804763794,0.8030247092247009,0.4053718149662018,0.6744598150253296,0.8197065591812134,0.16760171949863434,0.6133435368537903,0.8325499892234802,0.41753435134887695,0.6304663419723511,0.8478274941444397,0.12367495149374008,0.5861982107162476,0.8311305642127991,0.37541258335113525,
4,0.6441484093666077,0.24715229868888855,0.06333651393651962,0.6414226293563843,0.2356177419424057,0.021632619202136993,0.6385564804077148,0.23511619865894318,0.021658435463905334,0.6353616714477539,0.23476454615592957,0.021610798314213753,0.6499887704849243,0.2365272343158722,0.031203631311655045,0.6530430316925049,0.2367229163646698,0.031177010387182236,0.6560550928115845,0.23723241686820984,0.031089145690202713,0.6330238580703735,0.24065889418125153,-0.11475116014480591,0.6634765267372131,0.24465428292751312,-0.06768137961626053,0.6387070417404175,0.25636371970176697,0.023982418701052666,0.6482474207878113,0.25737786293029785,0.03495052829384804,0.5936506986618042,0.30918458104133606,-0.22163912653923035,0.699824333190918,0.3251020312309265,-0.055934082716703415,0.5652592778205872,0.420647531747818,-0.2149554044008255,0.7190699577331543,0.438143789768219,-0.036058660596609116,0.5518986582756042,0.51678866147995,-0.1259767711162567,0.7191361784934998,0.5333245992660522,-0.008661425672471523,0.547265350818634,0.5388354659080505,-0.13295410573482513,0.7199321389198303,0.559118926525116,-0.0003824997111223638,0.5527173280715942,0.5381125211715698,-0.11956346035003662,0.712894082069397,0.5591548085212708,-0.009941152296960354,0.5577825307846069,0.5310121774673462,-0.11936767399311066,0.7095566391944885,0.5497068762779236,-0.011864838190376759,0.6032145023345947,0.5365642309188843,-0.10324951261281967,0.6568499803543091,0.5363610982894897,0.1027199849486351,0.5987265706062317,0.6741560101509094,0.12556174397468567,0.6289474368095398,0.6561170220375061,0.31418684124946594,0.6404938697814941,0.7870911955833435,0.19220763444900513,0.6204820871353149,0.7823886275291443,0.4299027919769287,0.6546705961227417,0.7980820536613464,0.22019915282726288,0.6333333849906921,0.8042997717857361,0.4223887026309967,0.618540346622467,0.8266050219535828,0.18827323615550995,0.6027085781097412,0.8181687593460083,0.38493600487709045,
4,0.6416669487953186,0.2403246909379959,0.041475631296634674,0.6386916041374207,0.22805406153202057,0.0027590557001531124,0.6358271837234497,0.22745218873023987,0.0027787701692432165,0.6326614618301392,0.2271445095539093,0.0027470497880131006,0.6472846269607544,0.22973155975341797,0.012414946220815182,0.6503506898880005,0.23032376170158386,0.012379659339785576,0.6533957719802856,0.23131385445594788,0.012307894416153431,0.6294141411781311,0.23398195207118988,-0.12747111916542053,0.659908652305603,0.23980361223220825,-0.08407346904277802,0.6361255049705505,0.24973255395889282,0.0032690134830772877,0.645776629447937,0.25140801072120667,0.014987735077738762,0.589702308177948,0.3034287393093109,-0.22530031204223633,0.6950492262840271,0.3205168843269348,-0.07353142648935318,0.5597230792045593,0.4128912389278412,-0.2296447455883026,0.712245762348175,0.4322311282157898,-0.03665464371442795,0.5471340417861938,0.5102015733718872,-0.15088321268558502,0.7069504261016846,0.5219473242759705,0.000988965155556798,0.5422146916389465,0.5338053107261658,-0.15701264142990112,0.7067548036575317,0.5484433770179749,0.009699003770947456,0.5474269390106201,0.5336816310882568,-0.14677947759628296,0.700448215007782,0.5475921630859375,-0.0018236370524391532,0.5534003973007202,0.5261013507843018,-0.1448054015636444,0.6976572275161743,0.5374569296836853,-0.0028649577870965004,0.5976240038871765,0.5239855051040649,-0.0872725397348404,0.6534973382949829,0.5279427766799927,0.08676765859127045,0.5909515619277954,0.6549502015113831,0.14881785213947296,0.6340806484222412,0.6522741913795471,0.257442444562912,0.6248389482498169,0.7735779285430908,0.22358949482440948,0.6194742918014526,0.7879067063331604,0.3312055468559265,0.6372848749160767,0.7874459028244019,0.23577749729156494,0.6287691593170166,0.8079421520233154,0.3379520773887634,0.6037646532058716,0.8189067244529724,0.20152953267097473,0.5943700075149536,0.8192389011383057,0.2894682288169861,
4,0.637506365776062,0.23004576563835144,0.06721619516611099,0.6343859434127808,0.2178344875574112,0.027164241299033165,0.6315257549285889,0.21729853749275208,0.027171730995178223,0.6283620595932007,0.21710452437400818,0.027160102501511574,0.642771303653717,0.21984806656837463,0.03683946654200554,0.6457706689834595,0.22070294618606567,0.03685693070292473,0.6487818956375122,0.22198036313056946,0.0367940291762352,0.624081015586853,0.22509464621543884,-0.10898101329803467,0.6544948816299438,0.23170943558216095,-0.06658583879470825,0.6319471001625061,0.2402917593717575,0.02667367085814476,0.6409815549850464,0.24214036762714386,0.038212794810533524,0.5848422646522522,0.29586783051490784,-0.21120178699493408,0.6890267729759216,0.3121874928474426,-0.0656680017709732,0.5556107759475708,0.4032248556613922,-0.23095324635505676,0.7016500234603882,0.42042455077171326,-0.06279239058494568,0.5434744954109192,0.5029569864273071,-0.17990855872631073,0.6938796639442444,0.5089301466941833,-0.08621389418840408,0.5383266806602478,0.5276241302490234,-0.19579266011714935,0.6928830742835999,0.5361117720603943,-0.08830143511295319,0.5444071888923645,0.5262159705162048,-0.188006192445755,0.6876879930496216,0.5348575115203857,-0.10098646581172943,0.5498034954071045,0.5181394815444946,-0.17593370378017426,0.6853635311126709,0.5241953134536743,-0.09257818758487701,0.5929729342460632,0.5197802782058716,-0.07040838152170181,0.6493641138076782,0.5236943960189819,0.07001222670078278,0.583892285823822,0.6437315344810486,0.2011246681213379,0.6350362300872803,0.6489176154136658,0.2826230823993683,0.6052931547164917,0.7610949873924255,0.3608647584915161,0.6224327683448792,0.7823367714881897,0.4084586203098297,0.6112073063850403,0.778964102268219,0.37803196907043457,0.6252885460853577,0.8034190535545349,0.4229988157749176,0.5868701934814453,0.7928224802017212,0.34201011061668396,0.6023255586624146,0.8058106899261475,0.3849831223487854,
4,0.6316527128219604,0.22550582885742188,0.08873248845338821,0.6287251114845276,0.21365781128406525,0.04797711223363876,0.6259695291519165,0.21336610615253448,0.04796528443694115,0.6229472756385803,0.21343320608139038,0.04794324189424515,0.6368324160575867,0.214824840426445,0.058402638882398605,0.6397438645362854,0.21531088650226593,0.05840996652841568,0.6426411867141724,0.21620742976665497,0.058337658643722534,0.6187601685523987,0.22164757549762726,-0.08908379822969437,0.6482978463172913,0.22554175555706024,-0.04433189332485199,0.6262155771255493,0.23648293316364288,0.04764635115861893,0.6351923942565918,0.23764783143997192,0.06011586636304855,0.5801116824150085,0.2938913106918335,-0.19922319054603577,0.6845095157623291,0.30702975392341614,-0.04626302793622017,0.5515946745872498,0.40101882815361023,-0.2257574498653412,0.6961950063705444,0.41293612122535706,-0.06302892416715622,0.5412358045578003,0.49694451689720154,-0.16613072156906128,0.6838473677635193,0.49661949276924133,-0.10689352452754974,0.5371168851852417,0.5234232544898987,-0.18186630308628082,0.6806322336196899,0.5237621068954468,-0.11082490533590317,0.5441333651542664,0.518732488155365,-0.1740466058254242,0.6753149032592773,0.5214195847511292,-0.12139961868524551,0.5492197275161743,0.5086188912391663,-0.16187721490859985,0.6733561754226685,0.5109015703201294,-0.11298447847366333,0.5891477465629578,0.5191047191619873,-0.0701444074511528,0.6467931270599365,0.5225322246551514,0.06977406144142151,0.5730948448181152,0.628688633441925,0.19408932328224182,0.6347625851631165,0.6425693035125732,0.31640905141830444,0.5875809788703918,0.7491721510887146,0.3435605466365814,0.6238492727279663,0.7670210599899292,0.42111101746559143,0.5949183702468872,0.7668769955635071,0.36030763387680054,0.6233252286911011,0.7837837934494019,0.44162535667419434,0.5677512884140015,0.7673339247703552,0.34331586956977844,0.6037259101867676,0.7845771312713623,0.4150978922843933,
4,0.623925507068634,0.22538423538208008,0.12025679647922516,0.6209771633148193,0.2131921350955963,0.0792955756187439,0.618287205696106,0.21290747821331024,0.07926896959543228,0.6153743863105774,0.21291454136371613,0.0792350247502327,0.6289840340614319,0.21389417350292206,0.08837597072124481,0.6318778395652771,0.21411482989788055,0.08837950229644775,0.6347414255142212,0.214738130569458,0.08830650895833969,0.6121664643287659,0.22039726376533508,-0.05233856290578842,0.6407445073127747,0.2233293056488037,-0.014789359644055367,0.6189648509025574,0.23626708984375,0.08179453015327454,0.6275954246520996,0.23712901771068573,0.09202108532190323,0.5755928754806519,0.2924136817455292,-0.1615794152021408,0.6792200207710266,0.303558349609375,-0.02177264168858528,0.5493137836456299,0.4002631604671478,-0.20706549286842346,0.6877565979957581,0.4097047448158264,-0.06404765695333481,0.5397629737854004,0.49276939034461975,-0.1620991975069046,0.6719859838485718,0.48887044191360474,-0.13259164988994598,0.5349920988082886,0.5179650187492371,-0.1799129694700241,0.6684485077857971,0.5155903697013855,-0.14025741815567017,0.5422348976135254,0.5144675374031067,-0.17133131623268127,0.6624313592910767,0.5109025239944458,-0.14762349426746368,0.5479187965393066,0.5046960711479187,-0.1577591449022293,0.6608160734176636,0.5006093382835388,-0.13780243694782257,0.5859744548797607,0.5154941082000732,-0.05353633314371109,0.6424048542976379,0.5198251008987427,0.05328204482793808,0.5676316022872925,0.623363733291626,0.1832607090473175,0.6322686672210693,0.6464183926582336,0.2533407509326935,0.5708807706832886,0.7470549941062927,0.37466567754745483,0.6204256415367126,0.7775843143463135,0.3932182192802429,0.5788472890853882,0.7699689865112305,0.3963949680328369,0.6181113123893738,0.7989692091941833,0.40916070342063904,0.5523766279220581,0.7464197278022766,0.3838737905025482,0.6039589047431946,0.7891989350318909,0.3856648802757263,
4,0.6186445951461792,0.22629505395889282,0.16299928724765778,0.6153715252876282,0.21383045613765717,0.1227165088057518,0.612575888633728,0.2134796679019928,0.12269023805856705,0.6095980405807495,0.21341949701309204,0.1226726770401001,0.6235771775245667,0.21467213332653046,0.12840552628040314,0.6266154050827026,0.21491990983486176,0.12840338051319122,0.6297243237495422,0.21554361283779144,0.12832778692245483,0.6057421565055847,0.22093473374843597,-0.008504262194037437,0.6363248825073242,0.2240225374698639,0.0138534065335989,0.6138826608657837,0.23727332055568695,0.12481989711523056,0.6229448318481445,0.23826681077480316,0.13051478564739227,0.5678824186325073,0.2939019501209259,-0.11078518629074097,0.6734933257102966,0.3031628727912903,-0.0016938524786382914,0.5449712872505188,0.40105384588241577,-0.13150769472122192,0.6806138157844543,0.411325603723526,-0.003969741053879261,0.5397897958755493,0.49047785997390747,-0.06356532871723175,0.6583679914474487,0.476410448551178,0.016413772478699684,0.5356124639511108,0.514274537563324,-0.07365056127309799,0.6516748666763306,0.4988936483860016,0.020281286910176277,0.5428978204727173,0.5104776620864868,-0.06593762338161469,0.6442930698394775,0.4921415448188782,0.014070199802517891,0.5480174422264099,0.5006810426712036,-0.05925852805376053,0.6450003385543823,0.48392730951309204,0.013848671689629555,0.5784408450126648,0.5101948380470276,-0.03853452950716019,0.6372272968292236,0.5153849124908447,0.03827172890305519,0.5646001696586609,0.6149851083755493,0.17077374458312988,0.6306241750717163,0.6449972987174988,0.20619268715381622,0.5579220056533813,0.7449333071708679,0.36135560274124146,0.6186643242835999,0.7783229351043701,0.34324055910110474,0.56438148021698,0.773327648639679,0.3838406205177307,0.6120468378067017,0.8045443892478943,0.3584776520729065,0.5339568853378296,0.7328142523765564,0.38159602880477905,0.6079650521278381,0.7903454303741455,0.3413752615451813,
4,0.6145280003547668,0.22652240097522736,0.1340656578540802,0.6111581325531006,0.21420957148075104,0.09649442136287689,0.6084311008453369,0.21377968788146973,0.09646649658679962,0.6055174469947815,0.21365085244178772,0.09646770358085632,0.6189809441566467,0.2152511030435562,0.09996116161346436,0.6218661069869995,0.215533047914505,0.09994490444660187,0.6248019933700562,0.2161552459001541,0.09984168410301208,0.6016253232955933,0.2212294042110443,-0.022690292447805405,0.6303932666778564,0.22456316649913788,-0.010821382515132427,0.6098309755325317,0.23721513152122498,0.09885143488645554,0.6180970668792725,0.2382844090461731,0.102186419069767,0.5630460977554321,0.29395267367362976,-0.0886332169175148,0.6658219695091248,0.30152803659439087,-0.04531845450401306,0.54058837890625,0.4016162157058716,-0.11974158138036728,0.6745964288711548,0.40795233845710754,-0.06906287372112274,0.5329306721687317,0.49313411116600037,-0.07668767124414444,0.6508795619010925,0.4717477262020111,-0.06084809824824333,0.5301645994186401,0.517340898513794,-0.08404333144426346,0.6452608108520508,0.49483662843704224,-0.05894579738378525,0.5363378524780273,0.5145469903945923,-0.07654723525047302,0.6383752226829529,0.4881056249141693,-0.06552939862012863,0.5402356386184692,0.5054241418838501,-0.07282312214374542,0.6386494040489197,0.4806651175022125,-0.0634135976433754,0.5715003609657288,0.5040507316589355,0.008838421665132046,0.62911057472229,0.5106393098831177,-0.009078441187739372,0.5613059997558594,0.6217740178108215,0.15321673452854156,0.6247009038925171,0.6481695175170898,0.031276635825634,0.5398926734924316,0.7463914752006531,0.25062280893325806,0.6147429943084717,0.7970393896102905,0.05168294906616211,0.5341132283210754,0.7752910852432251,0.26079434156417847,0.6065094470977783,0.8177230358123779,0.05206465721130371,0.5306059718132019,0.7493413090705872,0.2307502031326294,0.622451901435852,0.8118249773979187,-0.004825858864933252,
4,0.6080590486526489,0.22902899980545044,0.15424218773841858,0.6049574017524719,0.21728771924972534,0.11850013583898544,0.6024166941642761,0.21691492199897766,0.11847545951604843,0.5997182726860046,0.2168365865945816,0.11846674978733063,0.6121660470962524,0.21805794537067413,0.12061531841754913,0.6148015260696411,0.21825885772705078,0.12058506906032562,0.6174980401992798,0.2187976986169815,0.12046442180871964,0.5963872671127319,0.2244541347026825,0.00047236651880666614,0.6232944130897522,0.22729569673538208,0.007033143192529678,0.6037729978561401,0.23953834176063538,0.11919255554676056,0.6116454005241394,0.24088695645332336,0.12082507461309433,0.5567633509635925,0.2945258915424347,-0.07276023179292679,0.6589702367782593,0.30333080887794495,-0.03385014459490776,0.5350398421287537,0.40262681245803833,-0.10872320085763931,0.6689631938934326,0.4071477949619293,-0.04835323244333267,0.5300548076629639,0.4952562153339386,-0.06489929556846619,0.6377695798873901,0.45958641171455383,-0.005628373473882675,0.5282796025276184,0.5190209746360779,-0.07171733677387238,0.6338300704956055,0.4813768267631531,0.0011546335881575942,0.5344637632369995,0.516028881072998,-0.06266583502292633,0.6264585256576538,0.47373849153518677,-0.004502270370721817,0.5385743379592896,0.5075991749763489,-0.06113045662641525,0.6268175840377808,0.4687894582748413,-0.007541115395724773,0.567825973033905,0.5041564702987671,0.0042411815375089645,0.6230411529541016,0.5110003352165222,-0.004410579800605774,0.5559044480323792,0.6164645552635193,0.16224321722984314,0.6220602989196777,0.6480606198310852,0.05800601840019226,0.5318289399147034,0.7304548621177673,0.2773760259151459,0.6151162385940552,0.7994042634963989,0.09742112457752228,0.5262092351913452,0.763002336025238,0.29298636317253113,0.60795658826828,0.8194453716278076,0.10045646131038666,0.5153967142105103,0.7485765814781189,0.24656257033348083,0.6337207555770874,0.815070390701294,0.0557168610394001,
4,0.6007527112960815,0.23333695530891418,0.17759011685848236,0.5976598262786865,0.2216472625732422,0.1418592631816864,0.5952016115188599,0.2212192863225937,0.141844242811203,0.5926076173782349,0.22102253139019012,0.1418355405330658,0.6046959161758423,0.22235465049743652,0.14213953912258148,0.6071803569793701,0.2224723845720291,0.14210860431194305,0.6096983551979065,0.22283367812633514,0.141977459192276,0.5898247957229614,0.2282654196023941,0.02283947728574276,0.6149256825447083,0.23039571940898895,0.021792542189359665,0.5968371629714966,0.24296459555625916,0.14245565235614777,0.6043394804000854,0.2449304461479187,0.14178958535194397,0.5489218831062317,0.2965809106826782,-0.04379598796367645,0.6504265069961548,0.30435386300086975,-0.029724884778261185,0.5295835733413696,0.40367066860198975,-0.0763491839170456,0.6627649068832397,0.40636542439460754,-0.027703192085027695,0.5270811319351196,0.49682289361953735,-0.04232412949204445,0.6321966052055359,0.4603038430213928,0.02984788455069065,0.5254549980163574,0.520839273929596,-0.0495225228369236,0.6273359656333923,0.48467355966567993,0.03723815456032753,0.5314201712608337,0.5179803371429443,-0.04187586531043053,0.6204241514205933,0.4749297797679901,0.030022338032722473,0.5358148217201233,0.5094306468963623,-0.03959084674715996,0.6210761666297913,0.46982768177986145,0.027908150106668472,0.5596379041671753,0.5047610998153687,0.01637781411409378,0.6152125597000122,0.5098262429237366,-0.01652536168694496,0.5491213798522949,0.6142488121986389,0.1662261188030243,0.6178465485572815,0.6491870284080505,0.03244269639253616,0.521350622177124,0.7410358190536499,0.29133376479148865,0.6161374449729919,0.8053328394889832,0.08034256100654602,0.5196885466575623,0.7665624022483826,0.30469775199890137,0.6098411083221436,0.827437698841095,0.08413990586996078,0.5138662457466125,0.7566155195236206,0.2803134322166443,0.6411739587783813,0.8219624161720276,0.034491173923015594,
4,0.5926942825317383,0.23972898721694946,0.15136806666851044,0.5889859795570374,0.2283429652452469,0.11183784157037735,0.5863471627235413,0.2279009371995926,0.11182533204555511,0.5835847854614258,0.2276105284690857,0.11180484294891357,0.5965064764022827,0.2285965383052826,0.12018322944641113,0.5990886092185974,0.22845937311649323,0.12018515914678574,0.6016839146614075,0.2285017967224121,0.12013135105371475,0.5808025002479553,0.23359782993793488,-0.007009866181761026,0.6065829396247864,0.23445773124694824,0.01802440546452999,0.5889948010444641,0.2480122298002243,0.11284122616052628,0.5966712832450867,0.24978871643543243,0.12110292911529541,0.5421990752220154,0.299006849527359,-0.05986225605010986,0.6407493948936462,0.30491653084754944,-0.060469675809144974,0.5245124101638794,0.40450194478034973,-0.08621597290039062,0.654129147529602,0.403271347284317,-0.09052521735429764,0.5220775008201599,0.49704185128211975,-0.05937875434756279,0.6248499155044556,0.4538819491863251,-0.10523267090320587,0.5203391909599304,0.5212682485580444,-0.06763294339179993,0.6200081706047058,0.4759926199913025,-0.10971848666667938,0.5268906950950623,0.5185357928276062,-0.06228373572230339,0.6128466129302979,0.469801127910614,-0.11586005985736847,0.5297001600265503,0.5097692012786865,-0.057227540761232376,0.6138498187065125,0.4611186683177948,-0.10859377682209015,0.5510302782058716,0.5045329928398132,0.033360205590724945,0.6094306707382202,0.5082232356071472,-0.03360753133893013,0.5442852973937988,0.6027230620384216,0.2590676546096802,0.6141559481620789,0.647646963596344,0.03473179042339325,0.526077389717102,0.7040318846702576,0.4302641749382019,0.6161286234855652,0.8050976991653442,0.0657036155462265,0.5209736227989197,0.7281227707862854,0.44926637411117554,0.6082029342651367,0.8270161151885986,0.06735192239284515,0.5235567092895508,0.7224425673484802,0.43096551299095154,0.6542502045631409,0.8216246962547302,0.005766238085925579,
4,0.5812605619430542,0.2417234480381012,0.11154305934906006,0.5777747631072998,0.23088844120502472,0.07411251962184906,0.5752535462379456,0.23054173588752747,0.074076808989048,0.5726068019866943,0.2302853912115097,0.07404005527496338,0.5855690240859985,0.23066449165344238,0.08396287262439728,0.5884835720062256,0.23034502565860748,0.08395390212535858,0.5913821458816528,0.23021778464317322,0.08388330787420273,0.570886492729187,0.23574180901050568,-0.03729056566953659,0.5972073674201965,0.235822394490242,0.013283023610711098,0.5781123638153076,0.24998924136161804,0.07843531668186188,0.5862390995025635,0.25133979320526123,0.08928308635950089,0.5356693863868713,0.29993900656700134,-0.10522013902664185,0.6342026591300964,0.3053775727748871,-0.035044245421886444,0.520374596118927,0.40409404039382935,-0.14386558532714844,0.6502026915550232,0.40024372935295105,-0.0809042826294899,0.5161343216896057,0.4938667416572571,-0.09928341209888458,0.6218886971473694,0.44878384470939636,-0.07552333176136017,0.5142196416854858,0.5185570120811462,-0.11030177026987076,0.6154507398605347,0.4675824046134949,-0.07705681025981903,0.5200008153915405,0.5157263278961182,-0.10264959186315536,0.6090333461761475,0.46092599630355835,-0.08557432144880295,0.522782564163208,0.5070024132728577,-0.0950632244348526,0.6105384230613708,0.45558100938796997,-0.08008342236280441,0.5442432761192322,0.5030068159103394,0.02127939835190773,0.6031509637832642,0.5060170888900757,-0.02187582291662693,0.5383667945861816,0.601304829120636,0.2116776704788208,0.6071398258209229,0.6333497166633606,0.076346755027771,0.5299545526504517,0.7076873779296875,0.3805583417415619,0.6158482432365417,0.7870347499847412,0.11521413177251816,0.5312060117721558,0.7337671518325806,0.39984285831451416,0.6107346415519714,0.8050981163978577,0.1185135617852211,0.5131739974021912,0.7086389064788818,0.38561519980430603,0.6338685750961304,0.795684278011322,0.07203283160924911,
4,0.5736836194992065,0.2412431538105011,0.1251244843006134,0.5700408220291138,0.23050852119922638,0.08878932893276215,0.5675265192985535,0.2302144467830658,0.088762067258358,0.5648481249809265,0.23004616796970367,0.0887199193239212,0.577701210975647,0.23035134375095367,0.09873417019844055,0.5805971622467041,0.2300935536623001,0.09873707592487335,0.5834966897964478,0.2300405353307724,0.09868260473012924,0.5626401305198669,0.23587745428085327,-0.025682587176561356,0.5893521308898926,0.2359343022108078,0.01358841359615326,0.5703639388084412,0.24976563453674316,0.09203279763460159,0.5785121321678162,0.2511183023452759,0.10291092097759247,0.5287002921104431,0.3005881905555725,-0.10964182764291763,0.6265534162521362,0.30573326349258423,0.002931084018200636,0.5126153826713562,0.4040105938911438,-0.14269861578941345,0.6413403749465942,0.400418221950531,-0.033998798578977585,0.5088051557540894,0.4924217760562897,-0.095584437251091,0.6161437630653381,0.45344385504722595,-0.0628855898976326,0.5081740617752075,0.5158243775367737,-0.11008844524621964,0.61031574010849,0.4723721444606781,-0.06618576496839523,0.5138727426528931,0.5137277841567993,-0.10239553451538086,0.6031392812728882,0.4670524001121521,-0.07437559217214584,0.5168712735176086,0.5051814913749695,-0.0914352685213089,0.6034302115440369,0.4602777659893036,-0.06762836873531342,0.5383895039558411,0.499237984418869,-0.0211098063737154,0.5970176458358765,0.5025923848152161,0.020726649090647697,0.5334151983261108,0.583899736404419,0.1819242537021637,0.6000866889953613,0.6188873648643494,0.1453855037689209,0.5303645730018616,0.7094892859458923,0.3686349093914032,0.6158444881439209,0.766284167766571,0.2400858849287033,0.5343009233474731,0.7351533770561218,0.39062708616256714,0.611987829208374,0.7891006469726562,0.2503337264060974,0.5065848231315613,0.7107859253883362,0.38194575905799866,0.6155024766921997,0.7703362703323364,0.22320742905139923,
4,0.563838541507721,0.24112634360790253,0.1250842660665512,0.5603700876235962,0.230661079287529,0.08845312148332596,0.5579787492752075,0.23040778934955597,0.08842996507883072,0.5554244518280029,0.23028813302516937,0.08839190006256104,0.5677877068519592,0.2304389774799347,0.09856896102428436,0.5707296133041382,0.23015856742858887,0.09857060015201569,0.5737977623939514,0.23009996116161346,0.09851954877376556,0.5534943342208862,0.2359209954738617,-0.0307077057659626,0.5809377431869507,0.23595894873142242,0.013724262826144695,0.5608750581741333,0.2496834695339203,0.09153570979833603,0.5690005421638489,0.25094956159591675,0.1029185801744461,0.5216338038444519,0.30074700713157654,-0.12790627777576447,0.6201930046081543,0.3058748245239258,0.010486944578588009,0.5055094957351685,0.40374624729156494,-0.1645505130290985,0.6325377821922302,0.4021192193031311,-0.01886081136763096,0.5004104971885681,0.4901299476623535,-0.11490900814533234,0.6099162697792053,0.45836400985717773,-0.0661090835928917,0.49866533279418945,0.5126286149024963,-0.12932142615318298,0.6031755208969116,0.47891467809677124,-0.07183994352817535,0.5043269991874695,0.510506272315979,-0.12156148999929428,0.5959786772727966,0.4732968509197235,-0.08134109526872635,0.5074974894523621,0.5021362900733948,-0.11032123863697052,0.5968957543373108,0.4661411941051483,-0.07234539836645126,0.529142439365387,0.49943384528160095,-0.036903075873851776,0.5892613530158997,0.503717303276062,0.036588843911886215,0.5272824764251709,0.5790139436721802,0.18892303109169006,0.5899389982223511,0.6186701059341431,0.17444570362567902,0.5275052785873413,0.7039816379547119,0.35842961072921753,0.6145243048667908,0.7585933804512024,0.231554314494133,0.5342980027198792,0.727117657661438,0.37837061285972595,0.6130338907241821,0.7770652770996094,0.239587664604187,0.5072029829025269,0.7104007601737976,0.36362525820732117,0.6074599027633667,0.7689846158027649,0.20725974440574646,
4,0.5597444772720337,0.2410525381565094,0.10986920446157455,0.5562458634376526,0.23040342330932617,0.07146944105625153,0.5537152290344238,0.23010258376598358,0.07143402099609375,0.5510296821594238,0.2299516648054123,0.07137812674045563,0.5638898015022278,0.2303088754415512,0.08313571661710739,0.5668174028396606,0.22986449301242828,0.0831506997346878,0.5698495507240295,0.2296566665172577,0.08310018479824066,0.5480215549468994,0.2357151359319687,-0.053096652030944824,0.5766972303390503,0.23551250994205475,0.002502396237105131,0.5561705231666565,0.2496364712715149,0.07408308237791061,0.5643823742866516,0.250872403383255,0.08812874555587769,0.5157434344291687,0.3007259666919708,-0.15374130010604858,0.6128931641578674,0.3054920732975006,-0.0038381952326744795,0.49872082471847534,0.4014824330806732,-0.1954483687877655,0.6238995790481567,0.4029749035835266,-0.02326960675418377,0.4919469356536865,0.48908528685569763,-0.16276481747627258,0.6065702438354492,0.4596289396286011,-0.09704931080341339,0.49144691228866577,0.5115237236022949,-0.18371838331222534,0.6005181074142456,0.4821341335773468,-0.10786338895559311,0.4963204860687256,0.5092726945877075,-0.17430967092514038,0.5942305326461792,0.47528886795043945,-0.11751709878444672,0.4997464120388031,0.5012726187705994,-0.15889254212379456,0.5941325426101685,0.46804898977279663,-0.10428370535373688,0.523208737373352,0.4983958899974823,-0.05074480175971985,0.5817990303039551,0.5009931921958923,0.05039922520518303,0.5235880613327026,0.5850069522857666,0.21857419610023499,0.5759415626525879,0.600462794303894,0.2902262806892395,0.5271725058555603,0.7048914432525635,0.39167842268943787,0.6050201058387756,0.7132002115249634,0.42372268438339233,0.533892035484314,0.7235783934593201,0.4122885763645172,0.6090535521507263,0.7320870161056519,0.4394892752170563,0.5030765533447266,0.7136550545692444,0.3950851559638977,0.5986923575401306,0.7411373257637024,0.4221564829349518,
4,0.5464869141578674,0.238263338804245,0.07600732147693634,0.5428699254989624,0.22852519154548645,0.03768298774957657,0.5402206182479858,0.22839178144931793,0.03766468167304993,0.5374564528465271,0.22840164601802826,0.03760521858930588,0.5511946082115173,0.22802002727985382,0.04706890136003494,0.5543677806854248,0.22755572199821472,0.04707987233996391,0.5576038360595703,0.2273702174425125,0.04699748009443283,0.5340714454650879,0.23285004496574402,-0.0863538458943367,0.5619658827781677,0.23251603543758392,-0.04378686100244522,0.5421778559684753,0.24655917286872864,0.04021746665239334,0.5515313148498535,0.24732060730457306,0.05174068734049797,0.4998386800289154,0.2924461364746094,-0.18089589476585388,0.5956447720527649,0.29668110609054565,-0.0296615120023489,0.48423266410827637,0.3860167860984802,-0.18448273837566376,0.6080893874168396,0.393208771944046,-0.022457586601376534,0.47501659393310547,0.46277958154678345,-0.13597430288791656,0.6026610136032104,0.46035462617874146,-0.028221821412444115,0.47204121947288513,0.47985395789146423,-0.1515040397644043,0.600234866142273,0.48346152901649475,-0.03297566622495651,0.47630128264427185,0.47788137197494507,-0.1440175473690033,0.5961139798164368,0.4780252277851105,-0.04257311671972275,0.481107622385025,0.47084370255470276,-0.13223615288734436,0.5948544144630432,0.4704190194606781,-0.03363623470067978,0.517431378364563,0.4920068383216858,-0.0716288834810257,0.568860650062561,0.4888731837272644,0.07122214883565903,0.5279664993286133,0.5915663242340088,0.16259261965751648,0.5602861642837524,0.5822104811668396,0.32150477170944214,0.5319287776947021,0.7070289850234985,0.3553404211997986,0.5703334212303162,0.6924998760223389,0.5510892868041992,0.538065493106842,0.7300655245780945,0.3772125840187073,0.5833368301391602,0.7115713357925415,0.5763097405433655,0.499967098236084,0.7204000949859619,0.3259510099887848,0.557066023349762,0.7128434777259827,0.5605518817901611,
4,0.5340151786804199,0.23361150920391083,0.037645839154720306,0.5314682722091675,0.22588856518268585,0.00469296844676137,0.52958744764328,0.2260952591896057,0.004727918654680252,0.5275787115097046,0.22648853063583374,0.004669060464948416,0.5373298525810242,0.225325807929039,0.0078015802428126335,0.539575457572937,0.2251765877008438,0.007784352637827396,0.541958212852478,0.2253797948360443,0.007720085326582193,0.5255440473556519,0.23146134614944458,-0.09757647663354874,0.5451816320419312,0.2315385490655899,-0.08356808125972748,0.5311049222946167,0.2425609678030014,0.009225460700690746,0.5376415252685547,0.24278554320335388,0.012824038043618202,0.48667579889297485,0.29224342107772827,-0.16469624638557434,0.5805734395980835,0.29676446318626404,-0.0788566917181015,0.4717246890068054,0.3851572871208191,-0.11485835164785385,0.5928483605384827,0.39343464374542236,-0.05825909227132797,0.46532097458839417,0.45012274384498596,-0.02327374555170536,0.5932313203811646,0.461337685585022,-0.03194457292556763,0.4620015621185303,0.4669002592563629,-0.03175809979438782,0.5930090546607971,0.48355862498283386,-0.03926844522356987,0.4655833840370178,0.4641796052455902,-0.030667230486869812,0.5889449715614319,0.47951236367225647,-0.0457737073302269,0.4689694046974182,0.45730361342430115,-0.021434998139739037,0.58661949634552,0.4718756079673767,-0.035093262791633606,0.5127840638160706,0.4897631108760834,-0.06851466000080109,0.5502508878707886,0.48125991225242615,0.06825584918260574,0.5197986364364624,0.5940758585929871,0.13420382142066956,0.5428787469863892,0.535210371017456,0.3640210032463074,0.5308964252471924,0.7044732570648193,0.3532014489173889,0.5581933259963989,0.5951215028762817,0.6841503381729126,0.5391577482223511,0.7280731201171875,0.37552177906036377,0.5652061104774475,0.6108958125114441,0.7188820242881775,0.49725356698036194,0.7186375856399536,0.32427263259887695,0.5403213500976562,0.5922445058822632,0.7216013669967651,
4,0.5254271030426025,0.23600293695926666,0.06731991469860077,0.5219963192939758,0.2277415245771408,0.032741714268922806,0.5195521712303162,0.22774888575077057,0.03274496644735336,0.5169767141342163,0.2279854118824005,0.03269200772047043,0.5298429727554321,0.22785550355911255,0.03712249547243118,0.5327280759811401,0.2278975397348404,0.03711580112576485,0.5356664061546326,0.2281980663537979,0.03704509884119034,0.5140859484672546,0.2329869270324707,-0.08040046691894531,0.5411509275436401,0.2338753193616867,-0.06266982108354568,0.5216463804244995,0.24442654848098755,0.03503849729895592,0.5298243761062622,0.24560731649398804,0.03942861407995224,0.47568774223327637,0.2937840223312378,-0.1636364609003067,0.5687041282653809,0.30244651436805725,-0.06986559182405472,0.4590212404727936,0.3880285322666168,-0.10908007621765137,0.5848901271820068,0.39714619517326355,-0.07733617722988129,0.4530954957008362,0.45158493518829346,-0.02780998684465885,0.585340142250061,0.4698880612850189,-0.08480668067932129,0.4503607749938965,0.46676918864250183,-0.032299451529979706,0.5857479572296143,0.4891892075538635,-0.09345711022615433,0.45641303062438965,0.46320927143096924,-0.030011478811502457,0.5804817080497742,0.4895172119140625,-0.09585638344287872,0.4601495862007141,0.45786020159721375,-0.025252830237150192,0.5784919261932373,0.48264744877815247,-0.0867825374007225,0.4968782961368561,0.48834162950515747,-0.06403377652168274,0.5409582853317261,0.4821959137916565,0.06382579356431961,0.5071717500686646,0.5932132005691528,0.1116275042295456,0.5221284627914429,0.5629187822341919,0.27887171506881714,0.5286964774131775,0.6997584104537964,0.28976958990097046,0.5397522449493408,0.6629480719566345,0.4688802659511566,0.5393523573875427,0.7232242822647095,0.3080589175224304,0.544613242149353,0.6811351180076599,0.4895223081111908,0.5019904971122742,0.7167279124259949,0.2634071707725525,0.5240296125411987,0.6748430728912354,0.4664981961250305,
4,0.5184056162834167,0.23757395148277283,0.08114737272262573,0.5157802700996399,0.22902584075927734,0.05289711803197861,0.5133996605873108,0.22884373366832733,0.052909981459379196,0.5109456777572632,0.22888590395450592,0.052862636744976044,0.5228646993637085,0.22959072887897491,0.05644425004720688,0.5254302024841309,0.2297365665435791,0.05647755414247513,0.5279033780097961,0.23010578751564026,0.0564553365111351,0.5081686973571777,0.23361597955226898,-0.05828384682536125,0.5334620475769043,0.23585473001003265,-0.03952106088399887,0.5140746831893921,0.2455761432647705,0.04822886362671852,0.5217151641845703,0.24688445031642914,0.05149530619382858,0.4713152348995209,0.29391372203826904,-0.1499985158443451,0.5580593347549438,0.3025602102279663,-0.03533167392015457,0.45553165674209595,0.3840826749801636,-0.12173539400100708,0.5764572024345398,0.3922114372253418,-0.045919932425022125,0.4459524154663086,0.45318928360939026,-0.05243934318423271,0.5795307159423828,0.4664287567138672,-0.05478594824671745,0.44136595726013184,0.4704933762550354,-0.05984249711036682,0.5821784734725952,0.4878372848033905,-0.05672985315322876,0.44692492485046387,0.4678526520729065,-0.05245053023099899,0.5769548416137695,0.48934173583984375,-0.05941103771328926,0.4507661461830139,0.4615873694419861,-0.04812658950686455,0.5744614005088806,0.4816851019859314,-0.05632127448916435,0.4883800148963928,0.48458343744277954,-0.0751466229557991,0.5286833643913269,0.47799786925315857,0.07484378665685654,0.4984421133995056,0.5902069807052612,0.0857616439461708,0.5088325142860413,0.56446373462677,0.26534152030944824,0.5268332362174988,0.6878147721290588,0.19933892786502838,0.5083240270614624,0.6625739932060242,0.40604180097579956,0.5404682159423828,0.7095293402671814,0.2112979143857956,0.5166617631912231,0.6862205862998962,0.4207616448402405,0.5048016309738159,0.7156692147254944,0.16153021156787872,0.4936648905277252,0.6861706972122192,0.37847989797592163,
4,0.5088635087013245,0.2342044860124588,0.07792921364307404,0.5067768096923828,0.22624586522579193,0.04727768152952194,0.5047505497932434,0.22611233592033386,0.04726235568523407,0.5026097297668457,0.22621487081050873,0.04723259434103966,0.513110876083374,0.22718100249767303,0.05245428532361984,0.5155162811279297,0.2276131957769394,0.05251394584774971,0.5179011821746826,0.22828738391399384,0.05243578553199768,0.5012228488922119,0.23124347627162933,-0.060016531497240067,0.5231286287307739,0.23452305793762207,-0.03862486779689789,0.5051239132881165,0.24167151749134064,0.04604461416602135,0.5120719075202942,0.24296988546848297,0.05221320316195488,0.46643710136413574,0.2856638729572296,-0.14949513971805573,0.550899863243103,0.2968237102031708,-0.035858236253261566,0.44925814867019653,0.3734579384326935,-0.12829750776290894,0.5673076510429382,0.3858703076839447,-0.029401913285255432,0.44212499260902405,0.4352399706840515,-0.08479484915733337,0.5603858232498169,0.44728022813796997,-0.016089025884866714,0.43711814284324646,0.4553130269050598,-0.09806151688098907,0.5598301291465759,0.47105851769447327,-0.019284773617982864,0.4423496723175049,0.45205000042915344,-0.09097622334957123,0.5557628870010376,0.47095441818237305,-0.029497677460312843,0.4461832642555237,0.44364726543426514,-0.08207646012306213,0.5534440875053406,0.46089792251586914,-0.020962955430150032,0.47854071855545044,0.4716084599494934,-0.06941449642181396,0.5183333158493042,0.4656113386154175,0.06899166107177734,0.47715339064598083,0.5389055609703064,0.16425859928131104,0.5089503526687622,0.5405078530311584,0.29254356026649475,0.49187207221984863,0.6401947736740112,0.40375614166259766,0.49894076585769653,0.6394151449203491,0.5408920049667358,0.4972219467163086,0.6580315828323364,0.4294922351837158,0.5011100769042969,0.6547616124153137,0.5681926012039185,0.47413310408592224,0.6507900357246399,0.4065798819065094,0.48090577125549316,0.6546545624732971,0.5561344623565674,
4,0.49823570251464844,0.23177598416805267,0.08090563863515854,0.4953761100769043,0.22392743825912476,0.04847824573516846,0.4932680130004883,0.22377434372901917,0.04846131056547165,0.4909795820713043,0.22386959195137024,0.0484309196472168,0.5017367005348206,0.22447055578231812,0.05423584580421448,0.5041933059692383,0.22468727827072144,0.054278045892715454,0.5066487193107605,0.22516988217830658,0.054200004786252975,0.48857349157333374,0.22839123010635376,-0.056604426354169846,0.5113069415092468,0.2304157316684723,-0.026391739025712013,0.49520835280418396,0.23841872811317444,0.047984201461076736,0.5020507574081421,0.2395261973142624,0.052800484001636505,0.4583436846733093,0.2737404704093933,-0.13002532720565796,0.5390892624855042,0.2885061502456665,-0.024610819295048714,0.44136348366737366,0.35353872179985046,-0.14497414231300354,0.5443807244300842,0.37154245376586914,-0.046701885759830475,0.43612146377563477,0.42161625623703003,-0.13078972697257996,0.5284132361412048,0.4115157127380371,-0.09450352191925049,0.4298701882362366,0.444450318813324,-0.1504308134317398,0.5247818231582642,0.43079838156700134,-0.1032198891043663,0.43596744537353516,0.44117748737335205,-0.14361734688282013,0.5186339020729065,0.4273696541786194,-0.11491058021783829,0.43998509645462036,0.4327628016471863,-0.12858231365680695,0.5186812281608582,0.4194791615009308,-0.10133863985538483,0.4663437306880951,0.44856658577919006,-0.04187239706516266,0.5102648138999939,0.4528213143348694,0.04166578873991966,0.4590166211128235,0.5258154273033142,0.11886990070343018,0.5015003085136414,0.5444214344024658,0.19111178815364838,0.4547300338745117,0.635631263256073,0.28908494114875793,0.494272381067276,0.659550130367279,0.3302021622657776,0.4569135308265686,0.6580747961997986,0.30750423669815063,0.49364209175109863,0.6807835698127747,0.34478408098220825,0.4358203411102295,0.6304769515991211,0.2895421087741852,0.488649845123291,0.6602877378463745,0.3204306364059448,
